proposition_id,disease_id,category,polarity,canonicalDescription,sourceExcerpt,sourceUnitIds,flags,action,new_canonical,new_polarity,new_category,note
pityriasis_rosea_P001,pityriasis rosea,history,1,acute course,"Pityriasis rosea (PR) is a common, acute, self-limiting papulosquamous dermatosis that primarily affects children and young adults.",29-001,,,,,,
pityriasis_rosea_P002,pityriasis rosea,morphology,1,papulosquamous lesions,"Pityriasis rosea (PR) is a common, acute, self-limiting papulosquamous dermatosis that primarily affects children and young adults.",29-001,,,,,,
pityriasis_rosea_P003,pityriasis rosea,history,1,age in childhood or young adulthood,"Pityriasis rosea (PR) is a common, acute, self-limiting papulosquamous dermatosis that primarily affects children and young adults.",29-001,,delete,,,,gan trung P021 (tuoi)
pityriasis_rosea_P004,pityriasis rosea,morphology,1,single large oval erythematous patch preceding other lesions,"It is characterized by a distinctive rash that typically begins with a single, large, oval, erythematous patch known as the ""herald patch,"" followed by the appearance of smaller, similar lesions on the trunk and proximal extremities. || Herald Patch: A single, large, oval, erythematous patch that appears first, usually on the trunk, neck, or upper arms. || Herald Patch: The presence of a single, large, oval, erythematous patch is a key diagnostic feature.",29-002;29-008;29-012,,,,,,
pityriasis_rosea_P005,pityriasis rosea,location,1,smaller similar lesions on the trunk and proximal extremities,"It is characterized by a distinctive rash that typically begins with a single, large, oval, erythematous patch known as the ""herald patch,"" followed by the appearance of smaller, similar lesions on the trunk and proximal extremities. || Distribution: Lesions are typically found on the trunk and proximal extremities, sparing the face, scalp, palms, and soles.",29-002;29-010,,,,,,
pityriasis_rosea_P006,pityriasis rosea,location,1,Christmas tree distribution on the back,"The rash often forms a ""Christmas tree"" pattern on the back. || Secondary Lesions: Smaller, oval, scaly lesions that appear days to weeks after the herald patch, often forming a ""Christmas tree"" pattern on the back.",29-003;29-009,,,,,,
pityriasis_rosea_P007,pityriasis rosea,lab,1,human herpesvirus 6 or 7 reactivation,"PR is believed to be associated with the reactivation of human herpesvirus 6 (HHV-6) and/or HHV-7, although the exact cause remains unknown.",29-004,,,,,,
pityriasis_rosea_P008,pityriasis rosea,lab,1,mild leukopenia,Blood Tests: Routine blood tests may show a mild leukopenia with relative lymphocytosis early in the disease course.,29-006,,,,,,
pityriasis_rosea_P009,pityriasis rosea,lab,1,relative lymphocytosis early in the disease course,Blood Tests: Routine blood tests may show a mild leukopenia with relative lymphocytosis early in the disease course.,29-006,,,,,,
pityriasis_rosea_P010,pityriasis rosea,lab,1,extravasated erythrocytes within dermal papillae,"Biopsy: Histopathological examination may show extravasated erythrocytes within dermal papillae and dyskeratotic cells within the dermis, which can help in differentiating PR from other conditions.",29-007,,,,,,
pityriasis_rosea_P011,pityriasis rosea,lab,1,dyskeratotic cells within the dermis,"Biopsy: Histopathological examination may show extravasated erythrocytes within dermal papillae and dyskeratotic cells within the dermis, which can help in differentiating PR from other conditions.",29-007,,,,,,
pityriasis_rosea_P012,pityriasis rosea,location,1,"initial lesion on the trunk, neck or upper arms","Herald Patch: A single, large, oval, erythematous patch that appears first, usually on the trunk, neck, or upper arms.",29-008,,,,,,
pityriasis_rosea_P013,pityriasis rosea,morphology,1,smaller oval scaly lesions following the initial patch,"Secondary Lesions: Smaller, oval, scaly lesions that appear days to weeks after the herald patch, often forming a ""Christmas tree"" pattern on the back.",29-009,,,,,,
pityriasis_rosea_P014,pityriasis rosea,location,-1,"lesions on the face, scalp, palms and soles","Distribution: Lesions are typically found on the trunk and proximal extremities, sparing the face, scalp, palms, and soles.",29-010,INFO:NEGATIVE_POLARITY,,,,,
pityriasis_rosea_P015,pityriasis rosea,symptom,1,mild to moderate itching,"Symptoms: Mild to moderate itching is common, but severe pruritus is rare. Constitutional symptoms such as malaise or a low-grade fever may occur before the rash appears.",29-011,,,,,,
pityriasis_rosea_P016,pityriasis rosea,symptom,1,severe pruritus,"Symptoms: Mild to moderate itching is common, but severe pruritus is rare. Constitutional symptoms such as malaise or a low-grade fever may occur before the rash appears.",29-011,,delete,,,,nguon: severe pruritus is rare
pityriasis_rosea_P017,pityriasis rosea,symptom,1,malaise before rash onset,"Symptoms: Mild to moderate itching is common, but severe pruritus is rare. Constitutional symptoms such as malaise or a low-grade fever may occur before the rash appears.",29-011,,,,,,
pityriasis_rosea_P018,pityriasis rosea,symptom,1,low-grade fever before rash onset,"Symptoms: Mild to moderate itching is common, but severe pruritus is rare. Constitutional symptoms such as malaise or a low-grade fever may occur before the rash appears.",29-011,,,,,,
pityriasis_rosea_P019,pityriasis rosea,morphology,1,peripheral collarette scaling with central clearance,Scaling: Most lesions have a characteristic peripheral collarette of scaling with central clearance.,29-013,,,,,,
pityriasis_rosea_P020,pityriasis rosea,history,1,onset in spring or fall in temperate climates,Seasonal Variation: PR is more common in the spring and fall in temperate climates.,29-014,,,,,,
pityriasis_rosea_P021,pityriasis rosea,history,1,age between 10 and 35 years,"Age and Sex Distribution: PR is most common in individuals between 10 and 35 years of age, with a slight female predominance.",29-015,,,,,,
pityriasis_rosea_P022,pityriasis rosea,history,1,female sex,"Age and Sex Distribution: PR is most common in individuals between 10 and 35 years of age, with a slight female predominance.",29-015,,,,,,
pityriasis_rosea_P023,pityriasis rosea,morphology,1,papular lesions,"Atypical Forms: Variants such as papular, purpuric, vesicular, and localized forms can occur, making diagnosis more challenging.",29-016,,,,,,
pityriasis_rosea_P024,pityriasis rosea,morphology,1,purpuric lesions,"Atypical Forms: Variants such as papular, purpuric, vesicular, and localized forms can occur, making diagnosis more challenging.",29-016,,,,,,
pityriasis_rosea_P025,pityriasis rosea,morphology,1,vesicular lesions,"Atypical Forms: Variants such as papular, purpuric, vesicular, and localized forms can occur, making diagnosis more challenging.",29-016,,,,,,
pityriasis_rosea_P026,pityriasis rosea,location,1,localized lesions,"Atypical Forms: Variants such as papular, purpuric, vesicular, and localized forms can occur, making diagnosis more challenging.",29-016,,,,,,
pityriasis_rosea_P027,pityriasis rosea,history,1,rash persisting for more than 12 weeks,"Persistent PR: In some cases, the rash can persist for more than 12 weeks, with more frequent and severe systemic symptoms and oral lesions.",29-017,,,,,,
pityriasis_rosea_P028,pityriasis rosea,symptom,1,frequent severe systemic symptoms,"Persistent PR: In some cases, the rash can persist for more than 12 weeks, with more frequent and severe systemic symptoms and oral lesions.",29-017,,,,,,
pityriasis_rosea_P029,pityriasis rosea,morphology,1,oral lesions,"Persistent PR: In some cases, the rash can persist for more than 12 weeks, with more frequent and severe systemic symptoms and oral lesions.",29-017,,,,,,
psoriasis_P001,psoriasis,morphology,1,well-demarcated red scaly plaques,"Psoriasis is a chronic, immune-mediated inflammatory skin disease characterized by the formation of sharply demarcated, scaly, erythematous plaques. || Skin Lesions: Well-delineated, red, scaly plaques that vary in extent from a few patches to generalized involvement. Commonly found on the elbows, knees, scalp, and lower back. || Psoriasis is a chronic, immune-mediated inflammatory skin disease characterized by erythematous, scaly plaques. || Clinically, psoriasis is identified by well-delineated, scaly plaques, distinctive nail changes, and joint involvement in psoriatic arthritis.",34-001;34-008;34-016;34-018,,,,,,
psoriasis_P002,psoriasis,history,1,chronic course,"Psoriasis is a chronic, immune-mediated inflammatory skin disease characterized by the formation of sharply demarcated, scaly, erythematous plaques. || Psoriasis is a chronic, immune-mediated inflammatory skin disease characterized by erythematous, scaly plaques.",34-001;34-016,,,,,,
psoriasis_P003,psoriasis,lab,1,HLA-C*06:02 risk allele,"The most common form is chronic plaque psoriasis (psoriasis vulgaris), which is associated with genetic susceptibility, particularly the HLA-C*06:02 risk allele, and environmental triggers such as streptococcal infection, stress, smoking, obesity, and alcohol consumption. || Genetic Testing: The presence of the HLA-C*06:02 allele is a significant genetic risk factor for psoriasis. || Key diagnostic features include elevated inflammatory markers (CRP, ESR), increased levels of proinflammatory cytokines (IL-17, IL-23, TNF-a), and the presence of the HLA-C*06:02 allele.",34-003;34-007;34-017,,,,,,
psoriasis_P004,psoriasis,history,1,streptococcal infection as a trigger,"The most common form is chronic plaque psoriasis (psoriasis vulgaris), which is associated with genetic susceptibility, particularly the HLA-C*06:02 risk allele, and environmental triggers such as streptococcal infection, stress, smoking, obesity, and alcohol consumption.",34-003,,,,,,
psoriasis_P005,psoriasis,history,1,stress as a trigger,"The most common form is chronic plaque psoriasis (psoriasis vulgaris), which is associated with genetic susceptibility, particularly the HLA-C*06:02 risk allele, and environmental triggers such as streptococcal infection, stress, smoking, obesity, and alcohol consumption.",34-003,,,,,,
psoriasis_P006,psoriasis,history,1,smoking,"The most common form is chronic plaque psoriasis (psoriasis vulgaris), which is associated with genetic susceptibility, particularly the HLA-C*06:02 risk allele, and environmental triggers such as streptococcal infection, stress, smoking, obesity, and alcohol consumption.",34-003,,,,,,
psoriasis_P007,psoriasis,history,1,obesity,"The most common form is chronic plaque psoriasis (psoriasis vulgaris), which is associated with genetic susceptibility, particularly the HLA-C*06:02 risk allele, and environmental triggers such as streptococcal infection, stress, smoking, obesity, and alcohol consumption.",34-003,,,,,,
psoriasis_P008,psoriasis,history,1,alcohol consumption,"The most common form is chronic plaque psoriasis (psoriasis vulgaris), which is associated with genetic susceptibility, particularly the HLA-C*06:02 risk allele, and environmental triggers such as streptococcal infection, stress, smoking, obesity, and alcohol consumption.",34-003,,,,,,
psoriasis_P009,psoriasis,morphology,1,guttate lesions,"Psoriasis can also present in other forms, including guttate, pustular, and erythrodermic psoriasis.",34-004,,,,,,
psoriasis_P010,psoriasis,morphology,1,pustular lesions,"Psoriasis can also present in other forms, including guttate, pustular, and erythrodermic psoriasis.",34-004,,,,,,
psoriasis_P011,psoriasis,morphology,1,erythroderma,"Psoriasis can also present in other forms, including guttate, pustular, and erythrodermic psoriasis.",34-004,,,,,,
psoriasis_P012,psoriasis,lab,1,elevated C-reactive protein,"Inflammatory Markers: Elevated levels of C-reactive protein (CRP) and erythrocyte sedimentation rate (ESR) are often observed in active psoriasis. || Key diagnostic features include elevated inflammatory markers (CRP, ESR), increased levels of proinflammatory cytokines (IL-17, IL-23, TNF-a), and the presence of the HLA-C*06:02 allele.",34-005;34-017,,,,,,
psoriasis_P013,psoriasis,lab,1,elevated erythrocyte sedimentation rate,"Inflammatory Markers: Elevated levels of C-reactive protein (CRP) and erythrocyte sedimentation rate (ESR) are often observed in active psoriasis. || Key diagnostic features include elevated inflammatory markers (CRP, ESR), increased levels of proinflammatory cytokines (IL-17, IL-23, TNF-a), and the presence of the HLA-C*06:02 allele.",34-005;34-017,,,,,,
psoriasis_P014,psoriasis,lab,1,"increased proinflammatory cytokines (IL-17, IL-23, TNF-a)","Cytokine Levels: Increased levels of proinflammatory cytokines such as IL-17, IL-23, and TNF-a are key in the pathogenesis of psoriasis. These cytokines can be used as markers of disease severity and response to treatment. || Key diagnostic features include elevated inflammatory markers (CRP, ESR), increased levels of proinflammatory cytokines (IL-17, IL-23, TNF-a), and the presence of the HLA-C*06:02 allele.",34-006;34-017,,,,,,
psoriasis_P015,psoriasis,location,1,extent ranging from a few patches to generalized involvement,"Skin Lesions: Well-delineated, red, scaly plaques that vary in extent from a few patches to generalized involvement. Commonly found on the elbows, knees, scalp, and lower back.",34-008,,,,,,
psoriasis_P016,psoriasis,location,1,"lesions on the elbows, knees, scalp and lower back","Skin Lesions: Well-delineated, red, scaly plaques that vary in extent from a few patches to generalized involvement. Commonly found on the elbows, knees, scalp, and lower back.",34-008,,,,,,
psoriasis_P017,psoriasis,morphology,1,nail pitting,"Nail Changes: Distinctive nail changes occur in about 50% of patients, including pitting, onycholysis (separation of the nail from the nail bed), and subungual hyperkeratosis. || Pitting and Onycholysis: Characteristic nail changes.",34-009;34-013,,,,,,
psoriasis_P018,psoriasis,morphology,1,onycholysis (separation of the nail from the nail bed),"Nail Changes: Distinctive nail changes occur in about 50% of patients, including pitting, onycholysis (separation of the nail from the nail bed), and subungual hyperkeratosis. || Pitting and Onycholysis: Characteristic nail changes.",34-009;34-013,,,,,,
psoriasis_P019,psoriasis,morphology,1,subungual hyperkeratosis,"Nail Changes: Distinctive nail changes occur in about 50% of patients, including pitting, onycholysis (separation of the nail from the nail bed), and subungual hyperkeratosis.",34-009,,,,,,
psoriasis_P020,psoriasis,symptom,1,"joint swelling, pain and stiffness","Joint Involvement: Psoriatic arthritis affects 10-15% of patients with psoriasis. Clinical findings include joint swelling, pain, and stiffness, particularly in the distal interphalangeal joints, and may also involve the spine (axial involvement). || Joint Symptoms: Pain, swelling, and stiffness, especially in the distal interphalangeal joints and spine.",34-010;34-014,,,,,,
psoriasis_P021,psoriasis,location,1,involvement of the distal interphalangeal joints,"Joint Involvement: Psoriatic arthritis affects 10-15% of patients with psoriasis. Clinical findings include joint swelling, pain, and stiffness, particularly in the distal interphalangeal joints, and may also involve the spine (axial involvement). || Joint Symptoms: Pain, swelling, and stiffness, especially in the distal interphalangeal joints and spine.",34-010;34-014,,,,,,
psoriasis_P022,psoriasis,location,1,involvement of the spine (axial involvement),"Joint Involvement: Psoriatic arthritis affects 10-15% of patients with psoriasis. Clinical findings include joint swelling, pain, and stiffness, particularly in the distal interphalangeal joints, and may also involve the spine (axial involvement). || Joint Symptoms: Pain, swelling, and stiffness, especially in the distal interphalangeal joints and spine.",34-010;34-014,,,,,,
psoriasis_P023,psoriasis,history,1,new lesions at sites of skin trauma (Koebner phenomenon),Koebner Phenomenon: The appearance of new psoriatic lesions at sites of skin trauma. || The Koebner phenomenon and Auspitz sign are also important diagnostic indicators.,34-011;34-019,,,,,,
psoriasis_P024,psoriasis,morphology,1,small bleeding points when scales are scraped off (Auspitz sign),Auspitz Sign: Small bleeding points seen when psoriatic scales are scraped off. || The Koebner phenomenon and Auspitz sign are also important diagnostic indicators.,34-012;34-019,,,,,,
squamous_cell_carcinoma_P001,squamous cell carcinoma,lab,1,squamous cell origin,"Squamous cell carcinoma (SCC) is a type of cancer that arises from squamous cells, which are flat cells that line various parts of the body, including the skin, mouth, esophagus, and lungs.",40-001,,,,,,
squamous_cell_carcinoma_P002,squamous cell carcinoma,lab,1,elevated white blood cell count,Complete Blood Count (CBC): May show elevated white blood cell count in advanced cases.,40-004,,,,,,
squamous_cell_carcinoma_P003,squamous cell carcinoma,lab,1,elevated C-reactive protein,C-reactive protein (CRP): Elevated in cases with inflammation or infection.,40-005,,delete,,,,"CRP tang do viem/nhiem, khong dac hieu"
squamous_cell_carcinoma_P004,squamous cell carcinoma,morphology,1,hard lump with a scaly top layer,"Physical Examination: Presents as a hard lump with a scaly top layer or a non-healing ulcer on sun-exposed areas. || For cutaneous SCC, key diagnostic features include a hard lump with a scaly top layer, biopsy confirmation, and risk factors such as sun exposure and fair skin.",40-009;40-027,,,,,,
squamous_cell_carcinoma_P005,squamous cell carcinoma,morphology,1,non-healing ulcer,Physical Examination: Presents as a hard lump with a scaly top layer or a non-healing ulcer on sun-exposed areas.,40-009,,,,,,
squamous_cell_carcinoma_P006,squamous cell carcinoma,location,1,lesions on sun-exposed areas,Physical Examination: Presents as a hard lump with a scaly top layer or a non-healing ulcer on sun-exposed areas.,40-009,,,,,,
squamous_cell_carcinoma_P007,squamous cell carcinoma,history,1,prolonged sun and UV radiation exposure,"Risk Factors: Prolonged exposure to sunlight and UV radiation, fair skin, male sex, smoking, and previous history of skin cancer. || For cutaneous SCC, key diagnostic features include a hard lump with a scaly top layer, biopsy confirmation, and risk factors such as sun exposure and fair skin.",40-016;40-027,,,,,,
squamous_cell_carcinoma_P008,squamous cell carcinoma,history,1,fair skin,"Risk Factors: Prolonged exposure to sunlight and UV radiation, fair skin, male sex, smoking, and previous history of skin cancer. || For cutaneous SCC, key diagnostic features include a hard lump with a scaly top layer, biopsy confirmation, and risk factors such as sun exposure and fair skin.",40-016;40-027,,,,,,
squamous_cell_carcinoma_P009,squamous cell carcinoma,history,1,male sex,"Risk Factors: Prolonged exposure to sunlight and UV radiation, fair skin, male sex, smoking, and previous history of skin cancer.",40-016,,,,,,
squamous_cell_carcinoma_P010,squamous cell carcinoma,history,1,smoking,"Risk Factors: Prolonged exposure to sunlight and UV radiation, fair skin, male sex, smoking, and previous history of skin cancer.",40-016,,,,,,
squamous_cell_carcinoma_P011,squamous cell carcinoma,history,1,previous history of skin cancer,"Risk Factors: Prolonged exposure to sunlight and UV radiation, fair skin, male sex, smoking, and previous history of skin cancer.",40-016,,,,,,
squamous_cell_carcinoma_P012,squamous cell carcinoma,history,1,slow lesion growth,"Growth Pattern: Slow-growing, but if neglected, it can reach 2 cm and is three times more likely to spread.",40-017,,,,,,
squamous_cell_carcinoma_P013,squamous cell carcinoma,history,1,association with precursor keratotic lesions,"High-Risk Variants: SCC arising in actinic keratosis, HPV-associated SCC, tricholemmal carcinoma, and spindle cell SCC.",40-022,,,,,,
squamous_cell_carcinoma_P014,squamous cell carcinoma,history,1,HPV association,"High-Risk Variants: SCC arising in actinic keratosis, HPV-associated SCC, tricholemmal carcinoma, and spindle cell SCC.",40-022,,,,,,
squamous_cell_carcinoma_P015,squamous cell carcinoma,lab,1,trichilemmal differentiation,"High-Risk Variants: SCC arising in actinic keratosis, HPV-associated SCC, tricholemmal carcinoma, and spindle cell SCC.",40-022,,,,,,
squamous_cell_carcinoma_P016,squamous cell carcinoma,lab,1,spindle cell morphology,"High-Risk Variants: SCC arising in actinic keratosis, HPV-associated SCC, tricholemmal carcinoma, and spindle cell SCC.",40-022,,,,,,
squamous_cell_carcinoma_P017,squamous cell carcinoma,lab,1,acantholytic architecture,"Indeterminate Behavior: Adenoid (acantholytic) SCC, intraepidermal epithelioma with invasion, and lymphoepithelioma-like carcinoma.",40-023,,,,,,
squamous_cell_carcinoma_P018,squamous cell carcinoma,lab,1,invasive intraepidermal epithelioma,"Indeterminate Behavior: Adenoid (acantholytic) SCC, intraepidermal epithelioma with invasion, and lymphoepithelioma-like carcinoma.",40-023,,,,,,
squamous_cell_carcinoma_P019,squamous cell carcinoma,lab,1,lymphoepithelioma-like histology,"Indeterminate Behavior: Adenoid (acantholytic) SCC, intraepidermal epithelioma with invasion, and lymphoepithelioma-like carcinoma.",40-023,,,,,,
granuloma_annulare_P001,granuloma annulare,location,1,localized presentation,"It can occur in various clinical forms, including localized, generalized, subcutaneous, perforating, and patch types.",12-002,,,,,,
granuloma_annulare_P002,granuloma annulare,location,1,generalized presentation,"It can occur in various clinical forms, including localized, generalized, subcutaneous, perforating, and patch types.",12-002,,,,,,
granuloma_annulare_P003,granuloma annulare,morphology,1,subcutaneous presentation,"It can occur in various clinical forms, including localized, generalized, subcutaneous, perforating, and patch types.",12-002,,,,,,
granuloma_annulare_P004,granuloma annulare,morphology,1,perforating presentation,"It can occur in various clinical forms, including localized, generalized, subcutaneous, perforating, and patch types.",12-002,,,,,,
granuloma_annulare_P005,granuloma annulare,morphology,1,patch presentation,"It can occur in various clinical forms, including localized, generalized, subcutaneous, perforating, and patch types.",12-002,,,,,,
granuloma_annulare_P006,granuloma annulare,history,1,diabetes,"The exact etiology is unknown, but it is often associated with other systemic conditions such as diabetes, thyroid disease, and HIV. || Associated Conditions: Diabetes, thyroid disease, HIV, and other systemic conditions should be considered, especially in generalized or atypical presentations. || Associated conditions such as diabetes, thyroid disease, and HIV should be considered, especially in generalized or atypical presentations.",12-003;12-019;12-025,,,,,,
granuloma_annulare_P007,granuloma annulare,history,1,thyroid disease,"The exact etiology is unknown, but it is often associated with other systemic conditions such as diabetes, thyroid disease, and HIV. || Associated Conditions: Diabetes, thyroid disease, HIV, and other systemic conditions should be considered, especially in generalized or atypical presentations. || Associated conditions such as diabetes, thyroid disease, and HIV should be considered, especially in generalized or atypical presentations.",12-003;12-019;12-025,,,,,,
granuloma_annulare_P008,granuloma annulare,history,1,HIV infection,"The exact etiology is unknown, but it is often associated with other systemic conditions such as diabetes, thyroid disease, and HIV. || Associated Conditions: Diabetes, thyroid disease, HIV, and other systemic conditions should be considered, especially in generalized or atypical presentations. || Associated conditions such as diabetes, thyroid disease, and HIV should be considered, especially in generalized or atypical presentations.",12-003;12-019;12-025,,,,,,
granuloma_annulare_P009,granuloma annulare,lab,-1,elevated white blood cell count,White Blood Cell Count (WBC): Typically normal.,12-004,INFO:NEGATIVE_POLARITY,,,,,
granuloma_annulare_P010,granuloma annulare,lab,-1,elevated C-reactive protein,"C-Reactive Protein (CRP): Usually normal, but may be slightly elevated in some cases.",12-005,INFO:NEGATIVE_POLARITY,,,,,
granuloma_annulare_P011,granuloma annulare,lab,1,slightly elevated C-reactive protein,"C-Reactive Protein (CRP): Usually normal, but may be slightly elevated in some cases.",12-005,,delete,,,,mau thuan P010 (CRP thuong binh thuong)
granuloma_annulare_P012,granuloma annulare,lab,1,elevated blood glucose,Blood Glucose: Elevated in patients with associated diabetes.,12-006,,,,,,
granuloma_annulare_P013,granuloma annulare,lab,1,abnormal thyroid function tests,Thyroid Function Tests: May show abnormalities in patients with thyroid disease.,12-007,,,,,,
granuloma_annulare_P014,granuloma annulare,morphology,1,grouped papules in an enlarging annular shape,"Granuloma annulare (GA) is a benign, self-limiting, inflammatory skin condition characterized by the formation of papules or plaques arranged in an annular (ring-like) pattern. || Annular Configuration: Papules or plaques arranged in a ring-like pattern. || Granuloma annulare is a benign, self-limiting skin condition with a characteristic annular configuration of papules or plaques. || Key diagnostic features include the annular arrangement of lesions, typical locations on the hands, feet, and extremities, and the presence of necrobiotic areas on histopathology. || Primary Lesions: Grouped papules in an enlarging annular shape, often flesh-colored to erythematous.",12-001;12-015;12-022;12-024;12-009,,,,,,
granuloma_annulare_P015,granuloma annulare,morphology,1,flesh-colored to erythematous lesions,"Primary Lesions: Grouped papules in an enlarging annular shape, often flesh-colored to erythematous.",12-009,,,,,,
granuloma_annulare_P016,granuloma annulare,location,1,"lesions on the lateral or dorsal hands and feet, elbows and ankles","Localized GA: Commonly found on the lateral or dorsal surfaces of the hands and feet, elbows, and ankles. || Key diagnostic features include the annular arrangement of lesions, typical locations on the hands, feet, and extremities, and the presence of necrobiotic areas on histopathology.",12-010;12-024,,,,,,
granuloma_annulare_P017,granuloma annulare,location,1,more than 10 skin lesions,"Generalized GA: Widespread, with more than 10 skin lesions, often pruritic, and may involve the trunk and extremities.",12-011,,,,,,
granuloma_annulare_P018,granuloma annulare,symptom,1,pruritus,"Generalized GA: Widespread, with more than 10 skin lesions, often pruritic, and may involve the trunk and extremities. || Asymptomatic: Often, but can be pruritic in generalized forms.",12-011;12-016,,,,,,
granuloma_annulare_P019,granuloma annulare,location,1,lesions on the trunk and extremities,"Generalized GA: Widespread, with more than 10 skin lesions, often pruritic, and may involve the trunk and extremities.",12-011,,,,,,
granuloma_annulare_P020,granuloma annulare,morphology,1,firm subcutaneous nodules,"Subcutaneous GA: Firm nodules under the skin, most often on the lower legs.",12-012,,,,,,
granuloma_annulare_P021,granuloma annulare,location,1,nodules on the lower legs,"Subcutaneous GA: Firm nodules under the skin, most often on the lower legs.",12-012,,,,,,
granuloma_annulare_P022,granuloma annulare,morphology,1,umbilicated papules,"Perforating GA: Umbilicated papules, often on the extremities.",12-013,,,,,,
granuloma_annulare_P023,granuloma annulare,location,1,papules on the extremities,"Perforating GA: Umbilicated papules, often on the extremities.",12-013,,,,,,
granuloma_annulare_P024,granuloma annulare,morphology,1,erythematous or red-brown flat or slightly palpable lesions,"Patch GA: Erythematous or red-brown flat or slightly palpable lesions, more common in women between 30 and 70 years of age.",12-014,,,,,,
granuloma_annulare_P025,granuloma annulare,history,1,female sex,"Patch GA: Erythematous or red-brown flat or slightly palpable lesions, more common in women between 30 and 70 years of age. || Age and Sex: More common in females, affects all ages but is more prevalent in children and young to middle-aged adults.",12-014;12-017,,,,,,
granuloma_annulare_P026,granuloma annulare,history,1,age 30 to 70 years,"Patch GA: Erythematous or red-brown flat or slightly palpable lesions, more common in women between 30 and 70 years of age.",12-014,,,,,,
granuloma_annulare_P027,granuloma annulare,symptom,-1,cutaneous symptoms,"Asymptomatic: Often, but can be pruritic in generalized forms.",12-016,INFO:NEGATIVE_POLARITY,,,,,
granuloma_annulare_P028,granuloma annulare,history,1,childhood onset,"Age and Sex: More common in females, affects all ages but is more prevalent in children and young to middle-aged adults.",12-017,,,,,,
granuloma_annulare_P029,granuloma annulare,history,1,young to middle-aged adulthood,"Age and Sex: More common in females, affects all ages but is more prevalent in children and young to middle-aged adults.",12-017,,,,,,
granuloma_annulare_P030,granuloma annulare,history,1,spontaneous resolution within 1-2 years,"Granuloma annulare (GA) is a benign, self-limiting, inflammatory skin condition characterized by the formation of papules or plaques arranged in an annular (ring-like) pattern. || Granuloma annulare is a benign, self-limiting skin condition with a characteristic annular configuration of papules or plaques. || Spontaneous Resolution: Localized GA often resolves within 1-2 years, while generalized GA is more chronic and less responsive to treatment. || The localized form is more common and often resolves spontaneously, while the generalized form is more chronic and may require treatment.",12-001;12-022;12-018;12-023,,,,,,
granuloma_annulare_P031,granuloma annulare,history,1,chronic course,"Spontaneous Resolution: Localized GA often resolves within 1-2 years, while generalized GA is more chronic and less responsive to treatment. || The localized form is more common and often resolves spontaneously, while the generalized form is more chronic and may require treatment.",12-018;12-023,,,,,,
granuloma_annulare_P032,granuloma annulare,lab,1,necrobiotic areas,"Necrobiotic Areas: Characterized by areas of degenerated collagen surrounded by palisading histiocytes. || Key diagnostic features include the annular arrangement of lesions, typical locations on the hands, feet, and extremities, and the presence of necrobiotic areas on histopathology.",12-020;12-024,,,,,,
granuloma_annulare_P033,granuloma annulare,lab,1,palisading histiocytes surrounding degenerated collagen,Necrobiotic Areas: Characterized by areas of degenerated collagen surrounded by palisading histiocytes.,12-020,,,,,,
granuloma_annulare_P034,granuloma annulare,lab,1,predominantly lymphocytic inflammatory infiltrate,"Inflammatory Infiltrate: Predominantly lymphocytic, with occasional multinucleated giant cells.",12-021,,,,,,
granuloma_annulare_P035,granuloma annulare,lab,1,multinucleated giant cells,"Inflammatory Infiltrate: Predominantly lymphocytic, with occasional multinucleated giant cells.",12-021,,,,,,
nematode_infection_P001,nematode infection,location,1,"parasitic worm infection of the gastrointestinal tract, lungs or other tissues","Nematode infections, also known as helminthiasis, are caused by parasitic worms that can infect the gastrointestinal tract, lungs, and other tissues.",24-001,,,,,,
nematode_infection_P002,nematode infection,history,1,Ascaris infection,"Common nematode infections include ascariasis, trichuriasis (whipworm infection), hookworm infection, and strongyloidiasis.",24-003,,,,,,
nematode_infection_P003,nematode infection,history,1,Trichuris infection,"Common nematode infections include ascariasis, trichuriasis (whipworm infection), hookworm infection, and strongyloidiasis.",24-003,,,,,,
nematode_infection_P004,nematode infection,history,1,hookworm infection,"Common nematode infections include ascariasis, trichuriasis (whipworm infection), hookworm infection, and strongyloidiasis.",24-003,,,,,,
nematode_infection_P005,nematode infection,history,1,Strongyloides infection,"Common nematode infections include ascariasis, trichuriasis (whipworm infection), hookworm infection, and strongyloidiasis.",24-003,,,,,,
nematode_infection_P006,nematode infection,lab,1,eosinophilia,"Eosinophilia: Elevated levels of eosinophils in the blood are a common finding in nematode infections, particularly in active or recent infections. || Signs: Eosinophilia, anemia, and larvae in stool. || Signs: Eosinophilia, larvae in stool, and potential dissemination to other organs.",24-005;24-024;24-026,,,,,,
nematode_infection_P007,nematode infection,lab,1,eggs in stool,Kato-Katz technique: For detecting eggs in stool. || Signs: Eggs in stool.,24-007;24-022,,,,,,
nematode_infection_P008,nematode infection,lab,1,parasites in stool,Formalin-ether concentration technique: For concentrating parasites in stool.,24-008,,,,,,
nematode_infection_P009,nematode infection,lab,1,elevated serum IgE,Serum IgE: Elevated serum IgE levels are often seen in helminth infections.,24-009,,,,,,
nematode_infection_P010,nematode infection,lab,1,specific antibodies against nematode antigens,ELISA: Enzyme-linked immunosorbent assays can detect specific antibodies against nematode antigens.,24-010,,,,,,
nematode_infection_P011,nematode infection,lab,1,nematode DNA in stool or tissue samples,PCR: Polymerase chain reaction can be used to detect nematode DNA in stool or tissue samples.,24-011,,,,,,
nematode_infection_P012,nematode infection,symptom,1,abdominal pain,"Abdominal Pain: Common in many nematode infections, particularly in the case of whipworm and hookworm infections. || Symptoms: Abdominal pain, vomiting, and occasionally coughing or wheezing. || Symptoms: Abdominal pain, diarrhea, and rectal prolapse in severe cases. || Symptoms: Abdominal pain, diarrhea, and anemia. || Symptoms: Abdominal pain, diarrhea, and skin rash (larva currens).",24-012;24-019;24-021;24-023;24-025,,,,,,
nematode_infection_P013,nematode infection,symptom,1,diarrhea,"Diarrhea: Frequent in whipworm and hookworm infections. || Symptoms: Abdominal pain, diarrhea, and rectal prolapse in severe cases. || Symptoms: Abdominal pain, diarrhea, and anemia. || Symptoms: Abdominal pain, diarrhea, and skin rash (larva currens).",24-013;24-021;24-023;24-025,,,,,,
nematode_infection_P014,nematode infection,lab,1,iron-deficiency anemia,"Anemia: Hookworm infections can lead to iron-deficiency anemia due to blood loss. || Symptoms: Abdominal pain, diarrhea, and anemia. || Signs: Eosinophilia, anemia, and larvae in stool.",24-014;24-023;24-024,,,,,,
nematode_infection_P015,nematode infection,location,1,larval migration through the lungs,"Lung Involvement: In the case of ascariasis and hookworm infections, larvae can migrate through the lungs, causing symptoms such as coughing and respiratory distress.",24-015,,,,,,
nematode_infection_P016,nematode infection,symptom,1,cough,"Lung Involvement: In the case of ascariasis and hookworm infections, larvae can migrate through the lungs, causing symptoms such as coughing and respiratory distress. || Symptoms: Abdominal pain, vomiting, and occasionally coughing or wheezing.",24-015;24-019,,,,,,
nematode_infection_P017,nematode infection,symptom,1,respiratory distress,"Lung Involvement: In the case of ascariasis and hookworm infections, larvae can migrate through the lungs, causing symptoms such as coughing and respiratory distress.",24-015,,,,,,
nematode_infection_P018,nematode infection,lab,1,pulmonary opacities or infiltrates,Pulmonary Infiltrates: Radiological findings may show lung opacities or infiltrates in cases of larval migration.,24-016,,,,,,
nematode_infection_P019,nematode infection,lab,1,pleural effusion,Pleural Effusion: Rare but can occur in severe cases of hookworm infection.,24-017,,,,,,
nematode_infection_P020,nematode infection,morphology,1,rapidly moving linear erythematous rash (larva currens),"Larva Currens: A characteristic skin lesion in strongyloidiasis, characterized by a rapidly moving, linear, erythematous rash. || Symptoms: Abdominal pain, diarrhea, and skin rash (larva currens).",24-018;24-025,,,,,,
nematode_infection_P021,nematode infection,symptom,1,vomiting,"Symptoms: Abdominal pain, vomiting, and occasionally coughing or wheezing.",24-019,,,,,,
nematode_infection_P022,nematode infection,symptom,1,wheezing,"Symptoms: Abdominal pain, vomiting, and occasionally coughing or wheezing.",24-019,,,,,,
nematode_infection_P023,nematode infection,lab,1,larvae in sputum,Signs: Larvae may be found in sputum or stool.,24-020,,,,,,
nematode_infection_P024,nematode infection,lab,1,larvae in stool,"Signs: Larvae may be found in sputum or stool. || Signs: Eosinophilia, anemia, and larvae in stool. || Signs: Eosinophilia, larvae in stool, and potential dissemination to other organs.",24-020;24-024;24-026,,,,,,
nematode_infection_P025,nematode infection,location,1,rectal prolapse,"Symptoms: Abdominal pain, diarrhea, and rectal prolapse in severe cases.",24-021,,,,,,
nematode_infection_P026,nematode infection,location,1,dissemination to other organs,"Signs: Eosinophilia, larvae in stool, and potential dissemination to other organs.",24-026,,,,,,
nematode_infection_P027,nematode infection,history,1,poor sanitation,Epidemiology: Nematode infections are more common in areas with poor sanitation and low socioeconomic status.,24-027,,,,,,
nematode_infection_P028,nematode infection,history,1,low socioeconomic status,Epidemiology: Nematode infections are more common in areas with poor sanitation and low socioeconomic status.,24-027,,,,,,
nematode_infection_P029,nematode infection,history,1,exposure to contaminated soil,"Risk Factors: Exposure to contaminated soil, poor hygiene, and low educational attainment are significant risk factors.",24-028,,,,,,
nematode_infection_P030,nematode infection,history,1,poor hygiene,"Risk Factors: Exposure to contaminated soil, poor hygiene, and low educational attainment are significant risk factors.",24-028,,,,,,
nematode_infection_P031,nematode infection,history,1,low educational attainment,"Risk Factors: Exposure to contaminated soil, poor hygiene, and low educational attainment are significant risk factors.",24-028,,,,,,
acne_P001,acne,history,1,adolescent or young adult age,"Acne vulgaris is a common dermatologic condition primarily affecting adolescents and young adults, but it can also persist into adulthood.",01-001,,,,,,
acne_P002,acne,history,1,persistence into adulthood,"Acne vulgaris is a common dermatologic condition primarily affecting adolescents and young adults, but it can also persist into adulthood.",01-001,,,,,,
acne_P003,acne,morphology,1,open and closed comedones,"It is characterized by the presence of comedones (blackheads and whiteheads), papules, pustules, nodules, and cysts. || Comedones: Presence of open (blackheads) and closed (whiteheads) comedones. || Lesion Types: Comedones, papules, pustules, nodules, and cysts. || Acne vulgaris is a multifactorial skin condition characterized by the presence of comedones, papules, pustules, nodules, and cysts, primarily affecting the face, chest, and back.",01-002;01-008;01-013;01-017,,,,,,
acne_P004,acne,morphology,1,nodules,"It is characterized by the presence of comedones (blackheads and whiteheads), papules, pustules, nodules, and cysts. || Lesion Types: Comedones, papules, pustules, nodules, and cysts. || Acne vulgaris is a multifactorial skin condition characterized by the presence of comedones, papules, pustules, nodules, and cysts, primarily affecting the face, chest, and back.",01-002;01-013;01-017,,,,,,
acne_P005,acne,morphology,1,cysts,"It is characterized by the presence of comedones (blackheads and whiteheads), papules, pustules, nodules, and cysts. || Lesion Types: Comedones, papules, pustules, nodules, and cysts. || Acne vulgaris is a multifactorial skin condition characterized by the presence of comedones, papules, pustules, nodules, and cysts, primarily affecting the face, chest, and back.",01-002;01-013;01-017,,,,,,
acne_P006,acne,location,1,involvement of pilosebaceous units,"Acne vulgaris affects the pilosebaceous units of the skin, particularly on the face, chest, and back.",01-003,,,,,,
acne_P007,acne,location,1,"lesions on the face, chest and back","Acne vulgaris affects the pilosebaceous units of the skin, particularly on the face, chest, and back. || Distribution: Lesions are typically found on the face, chest, and back. || Acne vulgaris is a multifactorial skin condition characterized by the presence of comedones, papules, pustules, nodules, and cysts, primarily affecting the face, chest, and back.",01-003;01-012;01-017,,,,,,
acne_P008,acne,lab,1,increased sebum production,"The condition is multifactorial, involving increased sebum production, follicular hyperkeratinization, inflammation, and the presence of Propionibacterium acnes (P. acnes). || Sebum Production: Increased sebum production is a key factor in the development of acne. While there are no specific lab tests for sebum levels, clinical assessment of skin oiliness can be indicative. || Key diagnostic features include increased sebum production, follicular hyperkeratinization, inflammation, and the presence of P. acnes.",01-004;01-005;01-018,,,,,,
acne_P009,acne,morphology,1,follicular hyperkeratinization,"The condition is multifactorial, involving increased sebum production, follicular hyperkeratinization, inflammation, and the presence of Propionibacterium acnes (P. acnes). || Key diagnostic features include increased sebum production, follicular hyperkeratinization, inflammation, and the presence of P. acnes.",01-004;01-018,,,,,,
acne_P010,acne,morphology,1,cutaneous inflammation,"The condition is multifactorial, involving increased sebum production, follicular hyperkeratinization, inflammation, and the presence of Propionibacterium acnes (P. acnes). || Key diagnostic features include increased sebum production, follicular hyperkeratinization, inflammation, and the presence of P. acnes.",01-004;01-018,,,,,,
acne_P011,acne,lab,1,Propionibacterium acnes presence,"The condition is multifactorial, involving increased sebum production, follicular hyperkeratinization, inflammation, and the presence of Propionibacterium acnes (P. acnes). || Key diagnostic features include increased sebum production, follicular hyperkeratinization, inflammation, and the presence of P. acnes.",01-004;01-018,,,,,,
acne_P012,acne,morphology,1,skin oiliness,"Sebum Production: Increased sebum production is a key factor in the development of acne. While there are no specific lab tests for sebum levels, clinical assessment of skin oiliness can be indicative.",01-005,,,,,,
acne_P013,acne,lab,1,elevated inflammatory cytokines and chemokines in the skin,"Inflammatory Markers: Elevated levels of inflammatory cytokines and chemokines in the skin can be associated with acne, but these are not routinely measured in clinical practice.",01-006,,,,,,
acne_P014,acne,lab,1,Propionibacterium acnes culture from skin lesions,"Microbiological Tests: Cultures of P. acnes from skin lesions can be performed, but this is not a standard diagnostic test.",01-007,,,,,,
acne_P015,acne,morphology,1,red raised papules,"It is characterized by the presence of comedones (blackheads and whiteheads), papules, pustules, nodules, and cysts. || Lesion Types: Comedones, papules, pustules, nodules, and cysts. || Acne vulgaris is a multifactorial skin condition characterized by the presence of comedones, papules, pustules, nodules, and cysts, primarily affecting the face, chest, and back. || Papules and Pustules: Inflammatory lesions that appear as red, raised bumps or pus-filled bumps.",01-002;01-013;01-017;01-009,,,,,,
acne_P016,acne,morphology,1,pus-filled pustules,"It is characterized by the presence of comedones (blackheads and whiteheads), papules, pustules, nodules, and cysts. || Lesion Types: Comedones, papules, pustules, nodules, and cysts. || Acne vulgaris is a multifactorial skin condition characterized by the presence of comedones, papules, pustules, nodules, and cysts, primarily affecting the face, chest, and back. || Papules and Pustules: Inflammatory lesions that appear as red, raised bumps or pus-filled bumps.",01-002;01-013;01-017;01-009,,,,,,
acne_P017,acne,morphology,1,large deep nodules and cysts,"Nodules and Cysts: Larger, deeper, and more painful lesions that can lead to scarring.",01-010,,,,,,
acne_P018,acne,symptom,1,painful lesions,"Nodules and Cysts: Larger, deeper, and more painful lesions that can lead to scarring.",01-010,,,,,,
acne_P019,acne,morphology,1,scarring,"Nodules and Cysts: Larger, deeper, and more painful lesions that can lead to scarring. || Scarring: Evidence of scarring, particularly in severe cases. || Clinical assessment of lesion types, distribution, and the presence of scarring is crucial for diagnosis.",01-010;01-015;01-019,,,,,,
acne_P020,acne,morphology,1,post-inflammatory hyperpigmentation,"Scarring: Post-inflammatory hyperpigmentation, atrophic scars, and hypertrophic scars can be seen in severe cases.",01-011,,,,,,
acne_P021,acne,morphology,1,atrophic scars,"Scarring: Post-inflammatory hyperpigmentation, atrophic scars, and hypertrophic scars can be seen in severe cases.",01-011,,,,,,
acne_P022,acne,morphology,1,hypertrophic scars,"Scarring: Post-inflammatory hyperpigmentation, atrophic scars, and hypertrophic scars can be seen in severe cases.",01-011,,,,,,
acne_P023,acne,morphology,1,redness and swelling around lesions,"Inflammation: Redness, swelling, and tenderness around lesions.",01-014,,,,,,
acne_P024,acne,symptom,1,tenderness around lesions,"Inflammation: Redness, swelling, and tenderness around lesions.",01-014,,,,,,
actinic_keratosis_P001,actinic keratosis,location,1,lesions on sun-exposed skin,"Actinic keratosis (AK) is a common precancerous skin lesion that develops on sun-exposed areas of the skin, primarily in fair-skinned individuals. || Common Locations: Face, scalp, back of the hands, chest, and other sun-exposed areas. || Clinical Features: Persistent roughness or scaliness in sun-exposed skin, especially in areas with a history of sun damage. || Actinic keratosis is a precancerous skin lesion that primarily affects sun-exposed areas in fair-skinned individuals.",02-001;02-007;02-012;02-015,,,,,,
actinic_keratosis_P002,actinic keratosis,history,1,fair skin,"Actinic keratosis (AK) is a common precancerous skin lesion that develops on sun-exposed areas of the skin, primarily in fair-skinned individuals. || Risk Factors: Fair skin, blue or green eyes, blond or red hair, history of kidney or other solid organ transplant, long-term daily sun exposure, multiple severe sunburns early in life, and older age. || Actinic keratosis is a precancerous skin lesion that primarily affects sun-exposed areas in fair-skinned individuals. || Risk factors include fair skin, chronic sun exposure, and advanced age.",02-001;02-011;02-015;02-018,,,,,,
actinic_keratosis_P003,actinic keratosis,history,1,chronic sun exposure,"AKs are more prevalent in individuals with a history of chronic sun exposure, advanced age, and immunosuppression. || Risk Factors: Fair skin, blue or green eyes, blond or red hair, history of kidney or other solid organ transplant, long-term daily sun exposure, multiple severe sunburns early in life, and older age. || Risk factors include fair skin, chronic sun exposure, and advanced age.",02-003;02-011;02-018,,,,,,
actinic_keratosis_P004,actinic keratosis,history,1,older age,"AKs are more prevalent in individuals with a history of chronic sun exposure, advanced age, and immunosuppression. || Risk Factors: Fair skin, blue or green eyes, blond or red hair, history of kidney or other solid organ transplant, long-term daily sun exposure, multiple severe sunburns early in life, and older age. || Risk factors include fair skin, chronic sun exposure, and advanced age.",02-003;02-011;02-018,,,,,,
actinic_keratosis_P005,actinic keratosis,history,1,immunosuppression,"AKs are more prevalent in individuals with a history of chronic sun exposure, advanced age, and immunosuppression.",02-003,,,,,,
actinic_keratosis_P006,actinic keratosis,morphology,1,large or thick lesions,"Histopathology: Biopsy may be performed for larger and thicker lesions to rule out squamous cell carcinoma. Histologically, AKs show dysplasia with atypical keratinocytes.",02-004,,,,,,
actinic_keratosis_P007,actinic keratosis,lab,1,epidermal dysplasia with atypical keratinocytes,"It is characterized by the proliferation of atypical epidermal keratinocytes and is often considered an early stage in the evolution of squamous cell carcinoma (SCC). || Histopathology: Biopsy may be performed for larger and thicker lesions to rule out squamous cell carcinoma. Histologically, AKs show dysplasia with atypical keratinocytes.",02-002;02-004,,,,,,
actinic_keratosis_P008,actinic keratosis,lab,1,immunohistochemical markers of cellular atypia and dysplasia,Immunohistochemistry: May be used to identify specific markers of cellular atypia and dysplasia.,02-005,,,,,,
actinic_keratosis_P009,actinic keratosis,morphology,1,rough scaly or crusty lesions,"Clinical Appearance: AKs typically appear as rough, scaly, or crusty areas on the skin. They are often felt before they are seen and can range in size from 2 to 6 millimeters, but can grow larger. The color can vary from gray, pink, red, to the same color as the surrounding skin. || Key diagnostic features include rough, scaly, or crusty lesions with a sandpaper-like texture, often found on the face, scalp, back of the hands, and chest. || Texture: Often described as having a sandpaper-like texture and may develop a hard, wart-like, or gritty surface. || Clinical Features: Persistent roughness or scaliness in sun-exposed skin, especially in areas with a history of sun damage.",02-006;02-016;02-008;02-012,,,,,,
actinic_keratosis_P010,actinic keratosis,morphology,1,palpable lesions before visibility,"Clinical Appearance: AKs typically appear as rough, scaly, or crusty areas on the skin. They are often felt before they are seen and can range in size from 2 to 6 millimeters, but can grow larger. The color can vary from gray, pink, red, to the same color as the surrounding skin.",02-006,,,,,,
actinic_keratosis_P011,actinic keratosis,morphology,1,lesion size of 2 to 6 millimeters,"Clinical Appearance: AKs typically appear as rough, scaly, or crusty areas on the skin. They are often felt before they are seen and can range in size from 2 to 6 millimeters, but can grow larger. The color can vary from gray, pink, red, to the same color as the surrounding skin.",02-006,,,,,,
actinic_keratosis_P012,actinic keratosis,morphology,1,gray pink red or skin-colored lesions,"Clinical Appearance: AKs typically appear as rough, scaly, or crusty areas on the skin. They are often felt before they are seen and can range in size from 2 to 6 millimeters, but can grow larger. The color can vary from gray, pink, red, to the same color as the surrounding skin.",02-006,,,,,,
actinic_keratosis_P013,actinic keratosis,location,1,"lesions on the face, scalp, backs of the hands and chest","Common Locations: Face, scalp, back of the hands, chest, and other sun-exposed areas. || Key diagnostic features include rough, scaly, or crusty lesions with a sandpaper-like texture, often found on the face, scalp, back of the hands, and chest.",02-007;02-016,,,,,,
actinic_keratosis_P014,actinic keratosis,morphology,1,lesion induration,Induration and Bleeding: Lesions that are indurated or bleed may have a higher risk of progressing to SCC.,02-009,,,,,,
actinic_keratosis_P015,actinic keratosis,morphology,1,lesion bleeding,Induration and Bleeding: Lesions that are indurated or bleed may have a higher risk of progressing to SCC.,02-009,,,,,,
actinic_keratosis_P016,actinic keratosis,morphology,1,multiple widespread subclinical lesions in chronically sun-damaged skin,"Field Cancerization: The presence of multiple, widespread, and subclinical AKs in an area of chronic sun damage, indicating a higher risk of progression.",02-010,,,,,,
actinic_keratosis_P017,actinic keratosis,history,1,blue or green eyes,"Risk Factors: Fair skin, blue or green eyes, blond or red hair, history of kidney or other solid organ transplant, long-term daily sun exposure, multiple severe sunburns early in life, and older age.",02-011,,,,,,
actinic_keratosis_P018,actinic keratosis,history,1,blond or red hair,"Risk Factors: Fair skin, blue or green eyes, blond or red hair, history of kidney or other solid organ transplant, long-term daily sun exposure, multiple severe sunburns early in life, and older age.",02-011,,,,,,
actinic_keratosis_P019,actinic keratosis,history,1,history of kidney or other solid organ transplant,"Risk Factors: Fair skin, blue or green eyes, blond or red hair, history of kidney or other solid organ transplant, long-term daily sun exposure, multiple severe sunburns early in life, and older age.",02-011,,,,,,
actinic_keratosis_P020,actinic keratosis,history,1,multiple severe sunburns early in life,"Risk Factors: Fair skin, blue or green eyes, blond or red hair, history of kidney or other solid organ transplant, long-term daily sun exposure, multiple severe sunburns early in life, and older age.",02-011,,,,,,
actinic_keratosis_P021,actinic keratosis,history,1,history of sun-damaged skin,"Clinical Features: Persistent roughness or scaliness in sun-exposed skin, especially in areas with a history of sun damage.",02-012,,,,,,
allergic_contact_dermatitis_P001,allergic contact dermatitis,history,1,delayed hypersensitivity reaction to a specific allergen,Allergic contact dermatitis (ACD) is a form of contact dermatitis characterized by a delayed-type hypersensitivity reaction to a specific allergen.,03-001,,,,,,
allergic_contact_dermatitis_P002,allergic contact dermatitis,history,1,any age,ACD can occur at any age and is more prevalent in individuals with a history of atopic dermatitis or other allergies.,03-003,,,,,,
allergic_contact_dermatitis_P003,allergic contact dermatitis,history,1,history of atopy or other allergies,"ACD can occur at any age and is more prevalent in individuals with a history of atopic dermatitis or other allergies. || Risk Factors: History of atopic dermatitis, female gender, and occupational exposure to allergens.",03-003;03-025,,,,,,
allergic_contact_dermatitis_P004,allergic contact dermatitis,symptom,1,intense persistent itching,"Itching: Intense and persistent. || Key symptoms include itching, eczematous rash, and a delayed onset of symptoms.",03-004;03-028,,,,,,
allergic_contact_dermatitis_P005,allergic contact dermatitis,morphology,1,red swollen oozing crusted or blistering rash,"Rash: Eczematous lesions, which can be red, swollen, and may ooze, crust, or form blisters. || Key symptoms include itching, eczematous rash, and a delayed onset of symptoms.",03-005;03-028,,,,,,
allergic_contact_dermatitis_P006,allergic contact dermatitis,location,1,rash localized to the site of allergen contact,Distribution: Often localized to the site of allergen contact but can spread to other areas.,03-006,,,,,,
allergic_contact_dermatitis_P007,allergic contact dermatitis,location,1,rash spreading to other areas,Distribution: Often localized to the site of allergen contact but can spread to other areas.,03-006,,,,,,
allergic_contact_dermatitis_P008,allergic contact dermatitis,history,1,onset 24-48 hours after allergen exposure,"Onset: Typically appears 24-48 hours after exposure to the allergen. || Key symptoms include itching, eczematous rash, and a delayed onset of symptoms.",03-007;03-028,,,,,,
allergic_contact_dermatitis_P009,allergic contact dermatitis,history,1,rash persisting for weeks with continued allergen exposure,Chronicity: Can persist for weeks if the allergen is not avoided.,03-008,,,,,,
allergic_contact_dermatitis_P010,allergic contact dermatitis,lab,1,positive patch test reaction to an allergen,Patch Testing: The gold standard for diagnosing ACD. It involves applying small amounts of potential allergens to the skin and observing for a reaction after 48-96 hours.,03-009,,,,,,
allergic_contact_dermatitis_P011,allergic contact dermatitis,history,1,potential allergen exposure from occupational or personal products,"History: Detailed history of potential allergen exposure, including occupational and personal use of products.",03-012,,,,,,
allergic_contact_dermatitis_P012,allergic contact dermatitis,history,1,nickel exposure,"Metals: Nickel, cobalt, and chromium.",03-013,,,,,,
allergic_contact_dermatitis_P013,allergic contact dermatitis,history,1,cobalt exposure,"Metals: Nickel, cobalt, and chromium.",03-013,,,,,,
allergic_contact_dermatitis_P014,allergic contact dermatitis,history,1,chromium exposure,"Metals: Nickel, cobalt, and chromium.",03-013,,,,,,
allergic_contact_dermatitis_P015,allergic contact dermatitis,history,1,fragrance exposure,"Fragrances: Common in cosmetics, perfumes, and personal care products. || Hands: Often due to exposure to preservatives, fragrances, metals, and rubber. || Common allergens include metals, fragrances, preservatives, and rubber chemicals.",03-014;03-020;03-029,,,,,,
allergic_contact_dermatitis_P016,allergic contact dermatitis,history,1,methylisothiazolinone exposure,"Preservatives: Methylisothiazolinone (MI), formaldehyde, and quaternium-15.",03-015,,,,,,
allergic_contact_dermatitis_P017,allergic contact dermatitis,history,1,formaldehyde exposure,"Preservatives: Methylisothiazolinone (MI), formaldehyde, and quaternium-15.",03-015,,,,,,
allergic_contact_dermatitis_P018,allergic contact dermatitis,history,1,quaternium-15 exposure,"Preservatives: Methylisothiazolinone (MI), formaldehyde, and quaternium-15.",03-015,,,,,,
allergic_contact_dermatitis_P019,allergic contact dermatitis,history,1,topical antibiotic exposure,"Topical Medications: Antibiotics, corticosteroids, and other topical treatments.",03-016,,,,,,
allergic_contact_dermatitis_P020,allergic contact dermatitis,history,1,topical corticosteroid exposure,"Topical Medications: Antibiotics, corticosteroids, and other topical treatments.",03-016,,,,,,
allergic_contact_dermatitis_P021,allergic contact dermatitis,history,1,topical treatment exposure,"Topical Medications: Antibiotics, corticosteroids, and other topical treatments.",03-016,,,,,,
allergic_contact_dermatitis_P022,allergic contact dermatitis,history,1,rubber chemical exposure,"Rubber Chemicals: Found in gloves and other rubber products. || Hands: Often due to exposure to preservatives, fragrances, metals, and rubber. || Common allergens include metals, fragrances, preservatives, and rubber chemicals.",03-017;03-020;03-029,,,,,,
allergic_contact_dermatitis_P023,allergic contact dermatitis,history,1,textile dye exposure,Textile Dyes: Common in clothing and fabrics.,03-018,,,,,,
allergic_contact_dermatitis_P024,allergic contact dermatitis,history,1,disperse dye exposure,Disperse Dyes: Used in clothing and other materials.,03-019,,,,,,
allergic_contact_dermatitis_P025,allergic contact dermatitis,location,1,rash on the hands,"Hands: Often due to exposure to preservatives, fragrances, metals, and rubber.",03-020,,,,,,
allergic_contact_dermatitis_P026,allergic contact dermatitis,history,1,preservative exposure,"Hands: Often due to exposure to preservatives, fragrances, metals, and rubber. || Common allergens include metals, fragrances, preservatives, and rubber chemicals.",03-020;03-029,,,,,,
allergic_contact_dermatitis_P027,allergic contact dermatitis,history,1,metal exposure,"Hands: Often due to exposure to preservatives, fragrances, metals, and rubber. || Common allergens include metals, fragrances, preservatives, and rubber chemicals.",03-020;03-029,,,,,,
allergic_contact_dermatitis_P028,allergic contact dermatitis,location,1,rash on the face,"Face: Commonly caused by gold (jewelry), makeup, moisturizers, wrinkle creams, and topical medications.",03-021,,,,,,
allergic_contact_dermatitis_P029,allergic contact dermatitis,history,1,gold exposure,"Face: Commonly caused by gold (jewelry), makeup, moisturizers, wrinkle creams, and topical medications.",03-021,,,,,,
allergic_contact_dermatitis_P030,allergic contact dermatitis,history,1,makeup use,"Face: Commonly caused by gold (jewelry), makeup, moisturizers, wrinkle creams, and topical medications.",03-021,,,,,,
allergic_contact_dermatitis_P031,allergic contact dermatitis,history,1,moisturizer use,"Face: Commonly caused by gold (jewelry), makeup, moisturizers, wrinkle creams, and topical medications.",03-021,,,,,,
allergic_contact_dermatitis_P032,allergic contact dermatitis,history,1,wrinkle cream use,"Face: Commonly caused by gold (jewelry), makeup, moisturizers, wrinkle creams, and topical medications.",03-021,,,,,,
allergic_contact_dermatitis_P033,allergic contact dermatitis,history,1,topical medication exposure,"Face: Commonly caused by gold (jewelry), makeup, moisturizers, wrinkle creams, and topical medications.",03-021,,,,,,
allergic_contact_dermatitis_P034,allergic contact dermatitis,location,1,rash on the eyelids and neck,Eyelids and Neck: Often due to shampoo and conditioner dripping down from the hair.,03-022,,,,,,
allergic_contact_dermatitis_P035,allergic contact dermatitis,history,1,shampoo or conditioner exposure,Eyelids and Neck: Often due to shampoo and conditioner dripping down from the hair.,03-022,,,,,,
allergic_contact_dermatitis_P036,allergic contact dermatitis,location,1,rash in the axillary area,Axillary Area: May be due to deodorants containing fragrances.,03-023,,,,,,
allergic_contact_dermatitis_P037,allergic contact dermatitis,history,1,fragranced deodorant use,Axillary Area: May be due to deodorants containing fragrances.,03-023,,,,,,
allergic_contact_dermatitis_P038,allergic contact dermatitis,history,1,female sex,"Risk Factors: History of atopic dermatitis, female gender, and occupational exposure to allergens.",03-025,,,,,,
allergic_contact_dermatitis_P039,allergic contact dermatitis,history,1,occupational allergen exposure,"Risk Factors: History of atopic dermatitis, female gender, and occupational exposure to allergens.",03-025,,,,,,
allergic_contact_dermatitis_P040,allergic contact dermatitis,history,1,adolescent or adult age,"Age: More common in adolescents and adults, with increasing prevalence in children.",03-026,,,,,,
allergic_contact_dermatitis_P041,allergic contact dermatitis,history,1,childhood age,"Age: More common in adolescents and adults, with increasing prevalence in children.",03-026,,,,,,
basal_cell_carcinoma_P001,basal cell carcinoma,history,1,cumulative ultraviolet radiation exposure,"It is characterized by a constantly increasing incidence, primarily due to cumulative exposure to ultraviolet (UV) radiation. || Cumulative UV exposure: Long-term exposure to UV radiation is the primary risk factor. || Sun exposure: History of significant UV exposure, including natural and artificial sources. || Risk factors include significant UV exposure, fair skin, genetic mutations, and immunosuppression.",04-002;04-019;04-015;04-027,,,,,,
basal_cell_carcinoma_P002,basal cell carcinoma,morphology,1,infiltrating lesions,"BCC can be classified into several subtypes, including nodular, superficial, morpheaform, infiltrating, and fibroepithelioma of Pinkus, each with different clinical and histological features.",04-004,,,,,,
basal_cell_carcinoma_P003,basal cell carcinoma,morphology,1,pearly translucent papules or nodules with rolled borders and central ulceration,"BCC can be classified into several subtypes, including nodular, superficial, morpheaform, infiltrating, and fibroepithelioma of Pinkus, each with different clinical and histological features. || Nodular BCC: Pearly, translucent papules or nodules with rolled borders and central ulceration. || Lesion characteristics: Pearly, translucent papules or nodules, often with a central ulceration and rolled borders. || Key clinical features include pearly, translucent papules or nodules with rolled borders and central ulceration, flat, erythematous, scaly patches, and sclerotic plaques.",04-004;04-007;04-017;04-025,,,,,,
basal_cell_carcinoma_P004,basal cell carcinoma,morphology,1,flat erythematous scaly patches with a fine telangiectatic network,"BCC can be classified into several subtypes, including nodular, superficial, morpheaform, infiltrating, and fibroepithelioma of Pinkus, each with different clinical and histological features. || Superficial BCC: Flat, erythematous, scaly patches with a fine, telangiectatic network. || Key clinical features include pearly, translucent papules or nodules with rolled borders and central ulceration, flat, erythematous, scaly patches, and sclerotic plaques.",04-004;04-008;04-025,,,,,,
basal_cell_carcinoma_P005,basal cell carcinoma,morphology,1,sclerotic white to yellow plaques with indistinct borders,"BCC can be classified into several subtypes, including nodular, superficial, morpheaform, infiltrating, and fibroepithelioma of Pinkus, each with different clinical and histological features. || Morpheaform BCC: Sclerotic, white to yellow plaques with indistinct borders. || Key clinical features include pearly, translucent papules or nodules with rolled borders and central ulceration, flat, erythematous, scaly patches, and sclerotic plaques.",04-004;04-009;04-025,,,,,,
basal_cell_carcinoma_P006,basal cell carcinoma,morphology,1,irregular indurated plaques,"Infiltrating BCC: Irregular, indurated plaques with a tendency to infiltrate deeply.",04-010,,,,,,
basal_cell_carcinoma_P007,basal cell carcinoma,location,1,deep tissue infiltration,"Infiltrating BCC: Irregular, indurated plaques with a tendency to infiltrate deeply.",04-010,,,,,,
basal_cell_carcinoma_P008,basal cell carcinoma,morphology,1,small flesh-colored papillomatous lesions,"BCC can be classified into several subtypes, including nodular, superficial, morpheaform, infiltrating, and fibroepithelioma of Pinkus, each with different clinical and histological features. || Fibroepithelioma of Pinkus: Small, flesh-colored, papillomatous lesions.",04-004;04-011,,,,,,
basal_cell_carcinoma_P009,basal cell carcinoma,location,1,"lesions on the face, neck and trunk","Sun-exposed areas: BCCs are most commonly found on the face, neck, and trunk.",04-012,,,,,,
basal_cell_carcinoma_P010,basal cell carcinoma,morphology,1,papules or plaques with central ulceration and rolled borders,"Skin examination: Papules, plaques, central ulceration with rolled borders, and telangiectasias.",04-013,,,,,,
basal_cell_carcinoma_P011,basal cell carcinoma,morphology,1,telangiectasias,"Skin examination: Papules, plaques, central ulceration with rolled borders, and telangiectasias.",04-013,WARN:OTHER_LABEL_NAME(telangiectases:telangiectasias),,,,,
basal_cell_carcinoma_P012,basal cell carcinoma,lab,1,arborizing vessels on dermoscopy,"Dermoscopy: Can help in the early detection and differentiation of BCC subtypes. Features include arborizing vessels, blue-gray ovoid nests, and a structureless blue-gray area.",04-014,,,,,,
basal_cell_carcinoma_P013,basal cell carcinoma,lab,1,blue-gray ovoid nests on dermoscopy,"Dermoscopy: Can help in the early detection and differentiation of BCC subtypes. Features include arborizing vessels, blue-gray ovoid nests, and a structureless blue-gray area.",04-014,,,,,,
basal_cell_carcinoma_P014,basal cell carcinoma,lab,1,structureless blue-gray areas on dermoscopy,"Dermoscopy: Can help in the early detection and differentiation of BCC subtypes. Features include arborizing vessels, blue-gray ovoid nests, and a structureless blue-gray area.",04-014,,,,,,
basal_cell_carcinoma_P015,basal cell carcinoma,history,1,fair skin,"Skin type: Individuals with fair skin, light-colored eyes, and a history of sunburns are at higher risk. || Risk factors include significant UV exposure, fair skin, genetic mutations, and immunosuppression.",04-016;04-027,,,,,,
basal_cell_carcinoma_P016,basal cell carcinoma,history,1,light-colored eyes,"Skin type: Individuals with fair skin, light-colored eyes, and a history of sunburns are at higher risk.",04-016,,,,,,
basal_cell_carcinoma_P017,basal cell carcinoma,history,1,history of sunburns,"Skin type: Individuals with fair skin, light-colored eyes, and a history of sunburns are at higher risk.",04-016,,,,,,
basal_cell_carcinoma_P018,basal cell carcinoma,morphology,1,easy lesion bleeding,Bleeding and crusting: Lesions may bleed easily and form crusts.,04-018,,,,,,
basal_cell_carcinoma_P019,basal cell carcinoma,morphology,1,lesion crusting,Bleeding and crusting: Lesions may bleed easily and form crusts.,04-018,,,,,,
basal_cell_carcinoma_P020,basal cell carcinoma,lab,1,"PTCH1, PTCH2, SMO or SUFU gene mutations","Genetic factors: Mutations in the PTCH1, PTCH2, SMO, or SUFU genes, which are part of the hedgehog signaling pathway, are responsible for the development of BCC. || Risk factors include significant UV exposure, fair skin, genetic mutations, and immunosuppression.",04-020;04-027,,,,,,
basal_cell_carcinoma_P021,basal cell carcinoma,history,1,immunosuppression,"Immunosuppression: Patients with weakened immune systems are at higher risk. || Risk factors include significant UV exposure, fair skin, genetic mutations, and immunosuppression.",04-021;04-027,,,,,,
basal_cell_carcinoma_P022,basal cell carcinoma,history,1,older age,"Age: BCC is more common in older adults, but incidence is increasing in younger age groups, especially females.",04-022,,,,,,
basal_cell_carcinoma_P023,basal cell carcinoma,history,1,younger age,"Age: BCC is more common in older adults, but incidence is increasing in younger age groups, especially females.",04-022,,,,,,
basal_cell_carcinoma_P024,basal cell carcinoma,history,1,female sex,"Age: BCC is more common in older adults, but incidence is increasing in younger age groups, especially females.",04-022,,,,,,
basal_cell_carcinoma_P025,basal cell carcinoma,location,1,lesions on sun-exposed skin,Basal cell carcinoma (BCC) is a common skin cancer that primarily affects sun-exposed areas of the skin.,04-023,,,,,,
dermatofibroma_P001,dermatofibroma,morphology,1,firm subcutaneous nodules,"Dermatofibroma, also known as fibrous histiocytoma, is a common, benign, cutaneous soft-tissue lesion characterized by firm, subcutaneous nodules.",05-001,,,,,,
dermatofibroma_P002,dermatofibroma,morphology,1,slow-growing hyperpigmented nodule,"It typically appears as a slow-growing, hyperpigmented nodule, most commonly found on the extremities, especially the legs.",05-002,,,,,,
dermatofibroma_P003,dermatofibroma,location,1,"lesions on the extremities, especially the legs","It typically appears as a slow-growing, hyperpigmented nodule, most commonly found on the extremities, especially the legs. || Location: Most commonly found on the extremities, especially the legs, but can occur anywhere on the body.",05-002;05-007,,,,,,
dermatofibroma_P004,dermatofibroma,symptom,-1,"pain, bleeding, itching or ulceration","The majority of patients are asymptomatic, but some may experience pain, bleeding, itching, or ulceration, particularly if the lesion is traumatized. || Asymptomatic: Most patients are asymptomatic.",05-003;05-012,INFO:NEGATIVE_POLARITY,,,,,
dermatofibroma_P005,dermatofibroma,symptom,1,"pain, bleeding, itching or ulceration after lesion trauma","The majority of patients are asymptomatic, but some may experience pain, bleeding, itching, or ulceration, particularly if the lesion is traumatized.",05-003,,,,,,
dermatofibroma_P006,dermatofibroma,morphology,1,firm hyperpigmented nodule,"Appearance: Firm, non-tender, hyperpigmented nodule, typically 0.3 to 1 cm in diameter. || Key diagnostic features include a firm, hyperpigmented nodule with a dimple sign, typical dermoscopic patterns, and specific histopathological findings.",05-005;05-034,,,,,,
dermatofibroma_P007,dermatofibroma,symptom,-1,tenderness,"Appearance: Firm, non-tender, hyperpigmented nodule, typically 0.3 to 1 cm in diameter.",05-005,INFO:NEGATIVE_POLARITY,,,,,
dermatofibroma_P008,dermatofibroma,morphology,1,nodule diameter of 0.3 to 1 cm,"Appearance: Firm, non-tender, hyperpigmented nodule, typically 0.3 to 1 cm in diameter.",05-005,,,,,,
dermatofibroma_P009,dermatofibroma,morphology,1,brownish to tan coloration,"Color: Usually brownish to tan, but can vary.",05-006,,,,,,
dermatofibroma_P010,dermatofibroma,morphology,1,central depression with lateral pressure (dimple sign),"Dimple Sign: Applying lateral pressure to the lesion causes a central depression, which is a characteristic feature. || Key diagnostic features include a firm, hyperpigmented nodule with a dimple sign, typical dermoscopic patterns, and specific histopathological findings.",05-008;05-034,,,,,,
dermatofibroma_P011,dermatofibroma,lab,1,central white patch with peripheral pigment network,Typical Pattern: Central white patch with a peripheral network of pigmentation.,05-009,,,,,,
dermatofibroma_P012,dermatofibroma,lab,1,hypoechoic avascular solid dermal nodule with ill-defined margins,"Findings: Hypoechoic solid nodule, avascular, within the dermis with unwell-defined margins.",05-011,,,,,,
dermatofibroma_P013,dermatofibroma,symptom,1,pain after lesion trauma,"Symptoms: Pain, tenderness, itching, or ulceration may occur if the lesion is traumatized.",05-013,,,,,,
dermatofibroma_P014,dermatofibroma,symptom,1,tenderness after lesion trauma,"Symptoms: Pain, tenderness, itching, or ulceration may occur if the lesion is traumatized.",05-013,,,,,,
dermatofibroma_P015,dermatofibroma,symptom,1,itching after lesion trauma,"Symptoms: Pain, tenderness, itching, or ulceration may occur if the lesion is traumatized.",05-013,,,,,,
dermatofibroma_P016,dermatofibroma,morphology,1,ulceration after lesion trauma,"Symptoms: Pain, tenderness, itching, or ulceration may occur if the lesion is traumatized.",05-013,,,,,,
dermatofibroma_P017,dermatofibroma,morphology,1,multiple lesions,"Multiple Lesions: Rare variant, often associated with underlying systemic disorders.",05-014,,,,,,
dermatofibroma_P018,dermatofibroma,history,1,underlying systemic disorders,"Multiple Lesions: Rare variant, often associated with underlying systemic disorders.",05-014,,,,,,
dermatofibroma_P019,dermatofibroma,morphology,1,dermal atrophy involving more than 50% of the lesion,Atrophic Dermatofibroma: Characterized by dermal atrophy of more than 50% of the lesion.,05-015,,,,,,
dermatofibroma_P020,dermatofibroma,morphology,1,lesion diameter greater than 3 cm,"Giant Dermatofibroma: Lesions larger than 3 cm, often misdiagnosed as malignant tumors.",05-016,,,,,,
dermatofibroma_P021,dermatofibroma,morphology,1,"blue, red or purple papules","Aneurysmal Dermatofibroma: Blue, red, or purple papules, often misdiagnosed as vascular lesions.",05-017,,,,,,
dermatofibroma_P022,dermatofibroma,lab,1,pleomorphic cells with large bizarre hyperchromatic nuclei,"Atypical Dermatofibroma: Pleomorphic cells with large, bizarre, hyperchromatic nuclei.",05-018,,,,,,
dermatofibroma_P023,dermatofibroma,morphology,1,keloid-like change,"Keloidal Dermatofibroma: Rare, characterized by keloidal change, often misdiagnosed as a simple keloid.",05-019,WARN:OTHER_LABEL_NAME(keloid:keloid),,,,,
dermatofibroma_P024,dermatofibroma,lab,1,dermal proliferation of spindle-shaped fibrous and histiocytoid cells with a storiform pattern,"Common Variant: Localized proliferation of spindle-shaped fibrous cells mixed with histiocytoid cells within the dermis, with a storiform pattern.",05-020,,,,,,
dermatofibroma_P025,dermatofibroma,lab,1,increased cellularity,"Atypical Variants: May show increased cellularity, pleomorphism, and extension into the subcutaneous tissue.",05-021,,,,,,
dermatofibroma_P026,dermatofibroma,lab,1,pleomorphism,"Atypical Variants: May show increased cellularity, pleomorphism, and extension into the subcutaneous tissue.",05-021,,,,,,
dermatofibroma_P027,dermatofibroma,lab,1,extension into subcutaneous tissue,"Atypical Variants: May show increased cellularity, pleomorphism, and extension into the subcutaneous tissue.",05-021,,,,,,
dermatofibroma_P028,dermatofibroma,lab,1,typical dermoscopic pattern,"Key diagnostic features include a firm, hyperpigmented nodule with a dimple sign, typical dermoscopic patterns, and specific histopathological findings.",05-034,,,,,,
dermatofibroma_P029,dermatofibroma,lab,1,specific histopathological findings,"Key diagnostic features include a firm, hyperpigmented nodule with a dimple sign, typical dermoscopic patterns, and specific histopathological findings.",05-034,,,,,,
dermatomyositis_P001,dermatomyositis,morphology,1,skin inflammation,Dermatomyositis (DM) is an autoimmune disorder characterized by inflammation of the skin and muscles. || Dermatomyositis is an autoimmune disorder characterized by skin and muscle inflammation.,06-001;06-023,,,,,,
dermatomyositis_P002,dermatomyositis,lab,1,muscle inflammation,Dermatomyositis (DM) is an autoimmune disorder characterized by inflammation of the skin and muscles. || Dermatomyositis is an autoimmune disorder characterized by skin and muscle inflammation.,06-001;06-023,,,,,,
dermatomyositis_P003,dermatomyositis,history,1,onset in children or adults,"It can affect both children and adults, with a higher prevalence in women.",06-002,,,,,,
dermatomyositis_P004,dermatomyositis,history,1,female sex,"It can affect both children and adults, with a higher prevalence in women.",06-002,,,,,,
dermatomyositis_P005,dermatomyositis,history,1,classic presentation,"DM is classified into several subtypes, including classic DM, clinically amyopathic DM (CADM), and hypomyopathic DM.",06-003,,,,,,
dermatomyositis_P006,dermatomyositis,history,1,amyopathic presentation,"DM is classified into several subtypes, including classic DM, clinically amyopathic DM (CADM), and hypomyopathic DM.",06-003,,,,,,
dermatomyositis_P007,dermatomyositis,history,1,hypomyopathic presentation,"DM is classified into several subtypes, including classic DM, clinically amyopathic DM (CADM), and hypomyopathic DM.",06-003,,,,,,
dermatomyositis_P008,dermatomyositis,morphology,1,skin involvement,"Classic DM presents with both skin and muscle involvement, while CADM and hypomyopathic DM primarily affect the skin with minimal or no muscle involvement.",06-004,,,,,,
dermatomyositis_P009,dermatomyositis,location,1,muscle involvement,"Classic DM presents with both skin and muscle involvement, while CADM and hypomyopathic DM primarily affect the skin with minimal or no muscle involvement.",06-004,,,,,,
dermatomyositis_P010,dermatomyositis,location,-1,muscle involvement,"Classic DM presents with both skin and muscle involvement, while CADM and hypomyopathic DM primarily affect the skin with minimal or no muscle involvement.",06-004,INFO:NEGATIVE_POLARITY,delete,,,,mau thuan P009; DM kinh dien co ton thuong co
dermatomyositis_P011,dermatomyositis,lab,1,elevated creatine kinase,"Elevated Creatine Kinase (CK): Commonly elevated in classic DM, but may be normal in CADM. || Key diagnostic features include elevated CK, CRP, and ESR, presence of myositis-specific autoantibodies, characteristic skin manifestations (Gottron's papules, heliotrope rash), and symmetrical proximal muscle weakness.",06-005;06-024,,,,,,
dermatomyositis_P012,dermatomyositis,lab,-1,elevated creatine kinase,"Elevated Creatine Kinase (CK): Commonly elevated in classic DM, but may be normal in CADM.",06-005,INFO:NEGATIVE_POLARITY,delete,,,,mau thuan P011; CK thuong tang trong DM
dermatomyositis_P013,dermatomyositis,lab,1,elevated C-reactive protein,"Elevated C-Reactive Protein (CRP) and Erythrocyte Sedimentation Rate (ESR): Indicate inflammation. || Key diagnostic features include elevated CK, CRP, and ESR, presence of myositis-specific autoantibodies, characteristic skin manifestations (Gottron's papules, heliotrope rash), and symmetrical proximal muscle weakness.",06-006;06-024,,,,,,
dermatomyositis_P014,dermatomyositis,lab,1,elevated erythrocyte sedimentation rate,"Elevated C-Reactive Protein (CRP) and Erythrocyte Sedimentation Rate (ESR): Indicate inflammation. || Key diagnostic features include elevated CK, CRP, and ESR, presence of myositis-specific autoantibodies, characteristic skin manifestations (Gottron's papules, heliotrope rash), and symmetrical proximal muscle weakness.",06-006;06-024,,,,,,
dermatomyositis_P015,dermatomyositis,lab,1,myositis-specific autoantibodies,"Myositis-Specific Autoantibodies (MSAs): Anti-Jo-1, anti-Mi-2, anti-TIF1-γ, and anti-NXP2 are associated with specific clinical features and complications, such as interstitial lung disease (ILD) and malignancy. || Key diagnostic features include elevated CK, CRP, and ESR, presence of myositis-specific autoantibodies, characteristic skin manifestations (Gottron's papules, heliotrope rash), and symmetrical proximal muscle weakness.",06-007;06-024,,,,,,
dermatomyositis_P016,dermatomyositis,lab,1,anti-Jo-1 autoantibodies,"Myositis-Specific Autoantibodies (MSAs): Anti-Jo-1, anti-Mi-2, anti-TIF1-γ, and anti-NXP2 are associated with specific clinical features and complications, such as interstitial lung disease (ILD) and malignancy.",06-007,,,,,,
dermatomyositis_P017,dermatomyositis,lab,1,anti-Mi-2 autoantibodies,"Myositis-Specific Autoantibodies (MSAs): Anti-Jo-1, anti-Mi-2, anti-TIF1-γ, and anti-NXP2 are associated with specific clinical features and complications, such as interstitial lung disease (ILD) and malignancy.",06-007,,,,,,
dermatomyositis_P018,dermatomyositis,lab,1,anti-TIF1-γ autoantibodies,"Myositis-Specific Autoantibodies (MSAs): Anti-Jo-1, anti-Mi-2, anti-TIF1-γ, and anti-NXP2 are associated with specific clinical features and complications, such as interstitial lung disease (ILD) and malignancy.",06-007,,,,,,
dermatomyositis_P019,dermatomyositis,lab,1,anti-NXP2 autoantibodies,"Myositis-Specific Autoantibodies (MSAs): Anti-Jo-1, anti-Mi-2, anti-TIF1-γ, and anti-NXP2 are associated with specific clinical features and complications, such as interstitial lung disease (ILD) and malignancy.",06-007,,,,,,
dermatomyositis_P020,dermatomyositis,lab,1,myopathic changes on electromyography,Electromyography (EMG): Shows myopathic changes in classic DM.,06-008,,,,,,
dermatomyositis_P021,dermatomyositis,lab,1,inflammatory infiltrates on muscle biopsy,"Muscle Biopsy: Reveals inflammatory infiltrates and perifascicular atrophy, which are characteristic of DM.",06-009,,,,,,
dermatomyositis_P022,dermatomyositis,lab,1,perifascicular atrophy on muscle biopsy,"Muscle Biopsy: Reveals inflammatory infiltrates and perifascicular atrophy, which are characteristic of DM.",06-009,,,,,,
dermatomyositis_P023,dermatomyositis,morphology,1,erythematous scaly knuckle papules (Gottron's papules),"Gottron's Papules: Erythematous, scaly patches on the knuckles. || Characteristic Skin Lesions: Presence of Gottron's papules, heliotrope rash, and other cutaneous manifestations. || Key diagnostic features include elevated CK, CRP, and ESR, presence of myositis-specific autoantibodies, characteristic skin manifestations (Gottron's papules, heliotrope rash), and symmetrical proximal muscle weakness.",06-010;06-020;06-024,,,,,,
dermatomyositis_P024,dermatomyositis,morphology,1,violet eyelid rash (heliotrope rash),"Heliotrope Rash: Violet-colored rash on the eyelids. || Characteristic Skin Lesions: Presence of Gottron's papules, heliotrope rash, and other cutaneous manifestations. || Key diagnostic features include elevated CK, CRP, and ESR, presence of myositis-specific autoantibodies, characteristic skin manifestations (Gottron's papules, heliotrope rash), and symmetrical proximal muscle weakness.",06-011;06-020;06-024,,,,,,
dermatomyositis_P025,dermatomyositis,morphology,1,violet discoloration on the neck (V sign),V-P Sign: Violet discoloration on the neck.,06-012,,,,,,
dermatomyositis_P026,dermatomyositis,morphology,1,erythematous rash on the shoulders and upper back (shawl sign),Shawl Sign: Erythematous rash over the shoulders and upper back.,06-013,,,,,,
dermatomyositis_P027,dermatomyositis,morphology,1,cracked hyperkeratotic skin on the palms and fingers (mechanics' hands),"Mechanics' Hands: Cracked, hyperkeratotic skin on the palms and fingers.",06-014,,,,,,
dermatomyositis_P028,dermatomyositis,symptom,1,symmetrical proximal muscle weakness,"Muscle Weakness: Symmetrical, proximal muscle weakness, particularly affecting the neck, shoulders, hips, and back. || Symmetrical Proximal Muscle Weakness: Difficulty in raising arms, climbing stairs, or getting up from a chair. || Key diagnostic features include elevated CK, CRP, and ESR, presence of myositis-specific autoantibodies, characteristic skin manifestations (Gottron's papules, heliotrope rash), and symmetrical proximal muscle weakness.",06-015;06-019;06-024,,,,,,
dermatomyositis_P029,dermatomyositis,location,1,"weakness affecting the neck, shoulders, hips and back","Muscle Weakness: Symmetrical, proximal muscle weakness, particularly affecting the neck, shoulders, hips, and back.",06-015,,,,,,
dermatomyositis_P030,dermatomyositis,lab,1,interstitial lung disease on high-resolution CT,"Interstitial Lung Disease (ILD): Common in both classic DM and CADM, often detected by high-resolution computed tomography (HRCT). || Radiological findings such as ILD on HRCT and cardiac involvement on echocardiography are also important.",06-016;06-025,,,,,,
dermatomyositis_P031,dermatomyositis,lab,1,cardiac involvement on echocardiography,Cardiac Involvement: Echocardiography may show myocarditis or pericarditis. || Radiological findings such as ILD on HRCT and cardiac involvement on echocardiography are also important.,06-017;06-025,,,,,,
dermatomyositis_P032,dermatomyositis,lab,1,myocarditis on echocardiography,Cardiac Involvement: Echocardiography may show myocarditis or pericarditis.,06-017,,,,,,
dermatomyositis_P033,dermatomyositis,lab,1,pericarditis on echocardiography,Cardiac Involvement: Echocardiography may show myocarditis or pericarditis.,06-017,,,,,,
dermatomyositis_P034,dermatomyositis,history,1,increased malignancy risk,"Malignancy: Increased risk, especially in adults, with a higher prevalence in men and elderly patients. Common associated malignancies include lung, breast, and ovarian cancer. || Increased Risk of Malignancy: Thorough screening for underlying neoplasia is recommended, especially within the first two years of diagnosis. || Given the increased risk of malignancy, especially in adults, thorough screening is essential.",06-018;06-022;06-026,,,,,,
dermatomyositis_P035,dermatomyositis,history,1,adult age,"Malignancy: Increased risk, especially in adults, with a higher prevalence in men and elderly patients. Common associated malignancies include lung, breast, and ovarian cancer. || Given the increased risk of malignancy, especially in adults, thorough screening is essential.",06-018;06-026,,,,,,
dermatomyositis_P036,dermatomyositis,history,1,male sex,"Malignancy: Increased risk, especially in adults, with a higher prevalence in men and elderly patients. Common associated malignancies include lung, breast, and ovarian cancer.",06-018,,,,,,
dermatomyositis_P037,dermatomyositis,history,1,elderly age,"Malignancy: Increased risk, especially in adults, with a higher prevalence in men and elderly patients. Common associated malignancies include lung, breast, and ovarian cancer.",06-018,,,,,,
dermatomyositis_P038,dermatomyositis,history,1,lung malignancy,"Malignancy: Increased risk, especially in adults, with a higher prevalence in men and elderly patients. Common associated malignancies include lung, breast, and ovarian cancer.",06-018,,,,,,
dermatomyositis_P039,dermatomyositis,history,1,breast malignancy,"Malignancy: Increased risk, especially in adults, with a higher prevalence in men and elderly patients. Common associated malignancies include lung, breast, and ovarian cancer.",06-018,,,,,,
dermatomyositis_P040,dermatomyositis,history,1,ovarian malignancy,"Malignancy: Increased risk, especially in adults, with a higher prevalence in men and elderly patients. Common associated malignancies include lung, breast, and ovarian cancer.",06-018,,,,,,
dermatomyositis_P041,dermatomyositis,symptom,1,"difficulty raising the arms, climbing stairs or rising from a chair","Symmetrical Proximal Muscle Weakness: Difficulty in raising arms, climbing stairs, or getting up from a chair.",06-019,,,,,,
dermatomyositis_P042,dermatomyositis,location,1,"pharyngeal, respiratory, cardiac and neck muscle involvement","Systemic Involvement: Pharyngeal, respiratory, cardiac, and neck muscle involvement.",06-021,,,,,,
drug_eruption_P001,drug eruption,history,1,medication exposure preceding a cutaneous reaction,A drug eruption is an adverse cutaneous reaction to a medication.,07-001,,,,,,
drug_eruption_P002,drug eruption,history,1,self-limiting rash,"These reactions can range from mild, self-limiting rashes to severe, life-threatening conditions.",07-002,,,,,,
drug_eruption_P003,drug eruption,morphology,1,severe cutaneous reaction,"These reactions can range from mild, self-limiting rashes to severe, life-threatening conditions.",07-002,,,,,,
drug_eruption_P004,drug eruption,morphology,1,transient wheals,"The most common types of drug eruptions include morbilliform (measles-like) rashes, urticaria, and fixed drug eruptions.",07-003,,,,,,
drug_eruption_P005,drug eruption,morphology,1,fixed lesions,"The most common types of drug eruptions include morbilliform (measles-like) rashes, urticaria, and fixed drug eruptions.",07-003,,,,,,
drug_eruption_P006,drug eruption,lab,1,elevated white blood cell count,"Complete Blood Count (CBC): Elevated white blood cell count, particularly eosinophilia, can be indicative of certain drug eruptions.",07-005,,,,,,
drug_eruption_P007,drug eruption,lab,1,eosinophilia,"Complete Blood Count (CBC): Elevated white blood cell count, particularly eosinophilia, can be indicative of certain drug eruptions.",07-005,,,,,,
drug_eruption_P008,drug eruption,lab,1,elevated C-reactive protein,C-Reactive Protein (CRP): Elevated CRP levels may suggest an inflammatory response.,07-006,,,,,,
drug_eruption_P009,drug eruption,lab,1,abnormal liver function tests,Liver Function Tests (LFTs): Abnormal LFTs can indicate hepatotoxicity associated with some drug reactions.,07-007,,,,,,
drug_eruption_P010,drug eruption,lab,1,elevated creatinine,Renal Function Tests: Elevated creatinine or blood urea nitrogen (BUN) may indicate renal involvement.,07-008,,,,,,
drug_eruption_P011,drug eruption,lab,1,elevated blood urea nitrogen,Renal Function Tests: Elevated creatinine or blood urea nitrogen (BUN) may indicate renal involvement.,07-008,,,,,,
drug_eruption_P012,drug eruption,morphology,1,erythematous maculopapular morbilliform rash,"The most common types of drug eruptions include morbilliform (measles-like) rashes, urticaria, and fixed drug eruptions. || Morbilliform Rash: Characterized by a measles-like, erythematous, maculopapular rash that typically starts on the trunk and spreads to the extremities. Onset is usually 2-14 days after drug initiation.",07-003;07-009,,,,,,
drug_eruption_P013,drug eruption,location,1,rash beginning on the trunk and spreading to the extremities,"Morbilliform Rash: Characterized by a measles-like, erythematous, maculopapular rash that typically starts on the trunk and spreads to the extremities. Onset is usually 2-14 days after drug initiation.",07-009,,,,,,
drug_eruption_P014,drug eruption,history,1,onset 2-14 days after medication initiation,"Morbilliform Rash: Characterized by a measles-like, erythematous, maculopapular rash that typically starts on the trunk and spreads to the extremities. Onset is usually 2-14 days after drug initiation. || Timing of Rash Onset: The timing of the rash in relation to drug exposure is crucial. For example, morbilliform eruptions typically occur 2-14 days after drug initiation, while AGEP occurs within 4 days.",07-009;07-015,,,,,,
drug_eruption_P015,drug eruption,morphology,1,raised red pruritic well-demarcated lesions,"Urticaria: Presents as raised, red, pruritic, well-demarcated lesions that can appear and resolve quickly. May be associated with angioedema.",07-010,,,,,,
drug_eruption_P016,drug eruption,history,1,rapid appearance and resolution of lesions,"Urticaria: Presents as raised, red, pruritic, well-demarcated lesions that can appear and resolve quickly. May be associated with angioedema.",07-010,,,,,,
drug_eruption_P017,drug eruption,morphology,1,angioedema,"Urticaria: Presents as raised, red, pruritic, well-demarcated lesions that can appear and resolve quickly. May be associated with angioedema.",07-010,,,,,,
drug_eruption_P018,drug eruption,morphology,1,well-circumscribed erythematous or hyperpigmented lesions,"Fixed Drug Eruption: Recurrent, well-circumscribed, erythematous or hyperpigmented lesions that appear at the same site upon re-exposure to the offending drug. Common sites include the lips, genitalia, and extremities. || Physical Examination: Careful examination of the skin and mucous membranes for characteristic lesions, such as the well-circumscribed, hyperpigmented lesions of fixed drug eruptions or the widespread skin detachment of SJS/TEN.",07-011;07-017,,,,,,
drug_eruption_P019,drug eruption,history,1,recurrent lesions at the same site after re-exposure to medication,"Fixed Drug Eruption: Recurrent, well-circumscribed, erythematous or hyperpigmented lesions that appear at the same site upon re-exposure to the offending drug. Common sites include the lips, genitalia, and extremities.",07-011,,,,,,
drug_eruption_P020,drug eruption,location,1,"lesions on the lips, genitalia and extremities","Fixed Drug Eruption: Recurrent, well-circumscribed, erythematous or hyperpigmented lesions that appear at the same site upon re-exposure to the offending drug. Common sites include the lips, genitalia, and extremities.",07-011,,,,,,
drug_eruption_P021,drug eruption,morphology,1,widespread skin detachment,"Stevens-Johnson Syndrome (SJS) and Toxic Epidermal Necrolysis (TEN): Severe, life-threatening conditions characterized by widespread skin detachment and mucosal involvement. Onset is typically 7-21 days after drug exposure. || Physical Examination: Careful examination of the skin and mucous membranes for characteristic lesions, such as the well-circumscribed, hyperpigmented lesions of fixed drug eruptions or the widespread skin detachment of SJS/TEN.",07-012;07-017,,,,,,
drug_eruption_P022,drug eruption,location,1,mucosal involvement,"Stevens-Johnson Syndrome (SJS) and Toxic Epidermal Necrolysis (TEN): Severe, life-threatening conditions characterized by widespread skin detachment and mucosal involvement. Onset is typically 7-21 days after drug exposure. || Physical Examination: Careful examination of the skin and mucous membranes for characteristic lesions, such as the well-circumscribed, hyperpigmented lesions of fixed drug eruptions or the widespread skin detachment of SJS/TEN.",07-012;07-017,,,,,,
drug_eruption_P023,drug eruption,history,1,onset 7-21 days after medication exposure,"Stevens-Johnson Syndrome (SJS) and Toxic Epidermal Necrolysis (TEN): Severe, life-threatening conditions characterized by widespread skin detachment and mucosal involvement. Onset is typically 7-21 days after drug exposure.",07-012,,,,,,
drug_eruption_P024,drug eruption,symptom,1,fever,"Drug Reaction with Eosinophilia and Systemic Symptoms (DRESS): Presents with fever, rash, lymphadenopathy, and multi-organ involvement. Onset is usually 15-40 days after drug exposure. || Symptoms: Pruritus, pain, fever, and systemic symptoms such as lymphadenopathy and organ involvement can be important indicators.",07-013;07-016,,,,,,
drug_eruption_P025,drug eruption,morphology,1,rash,"Drug Reaction with Eosinophilia and Systemic Symptoms (DRESS): Presents with fever, rash, lymphadenopathy, and multi-organ involvement. Onset is usually 15-40 days after drug exposure.",07-013,,,,,,
drug_eruption_P026,drug eruption,location,1,lymphadenopathy,"Drug Reaction with Eosinophilia and Systemic Symptoms (DRESS): Presents with fever, rash, lymphadenopathy, and multi-organ involvement. Onset is usually 15-40 days after drug exposure. || Symptoms: Pruritus, pain, fever, and systemic symptoms such as lymphadenopathy and organ involvement can be important indicators.",07-013;07-016,,,,,,
drug_eruption_P027,drug eruption,location,1,multiorgan involvement,"Drug Reaction with Eosinophilia and Systemic Symptoms (DRESS): Presents with fever, rash, lymphadenopathy, and multi-organ involvement. Onset is usually 15-40 days after drug exposure. || Symptoms: Pruritus, pain, fever, and systemic symptoms such as lymphadenopathy and organ involvement can be important indicators.",07-013;07-016,,,,,,
drug_eruption_P028,drug eruption,history,1,onset 15-40 days after medication exposure,"Drug Reaction with Eosinophilia and Systemic Symptoms (DRESS): Presents with fever, rash, lymphadenopathy, and multi-organ involvement. Onset is usually 15-40 days after drug exposure.",07-013,,,,,,
drug_eruption_P029,drug eruption,morphology,1,sudden sterile pustules on an erythematous base,Acute Generalized Exanthematous Pustulosis (AGEP): Characterized by the sudden appearance of sterile pustules on an erythematous base. Onset is typically within 4 days of drug exposure.,07-014,,,,,,
drug_eruption_P030,drug eruption,history,1,onset within 4 days of medication exposure,"Acute Generalized Exanthematous Pustulosis (AGEP): Characterized by the sudden appearance of sterile pustules on an erythematous base. Onset is typically within 4 days of drug exposure. || Timing of Rash Onset: The timing of the rash in relation to drug exposure is crucial. For example, morbilliform eruptions typically occur 2-14 days after drug initiation, while AGEP occurs within 4 days.",07-014;07-015,,,,,,
drug_eruption_P031,drug eruption,symptom,1,pruritus,"Symptoms: Pruritus, pain, fever, and systemic symptoms such as lymphadenopathy and organ involvement can be important indicators.",07-016,,,,,,
drug_eruption_P032,drug eruption,symptom,1,pain,"Symptoms: Pruritus, pain, fever, and systemic symptoms such as lymphadenopathy and organ involvement can be important indicators.",07-016,,,,,,
drug_eruption_P033,drug eruption,history,1,"exposure to prescription, over-the-counter, or herbal medications","History of Drug Exposure: A detailed history of all medications, including over-the-counter and herbal supplements, is essential for identifying the offending drug.",07-018,,,,,,
drug_eruption_P034,drug eruption,lab,1,HLA-B*5701 polymorphism,"Genetic Factors: Certain genetic polymorphisms, such as HLA-B*5701, can increase the risk of specific drug eruptions.",07-020,,,,,,
drug_eruption_P035,drug eruption,lab,1,herpesvirus reactivation,"Viral Reactivation: Viral reactivation, particularly herpesvirus, can play a role in the pathogenesis of some drug eruptions.",07-021,,,,,,
eczema_P001,eczema,history,1,chronic course,"Eczema, also known as atopic dermatitis, is a chronic, inflammatory skin condition characterized by severe pruritus, erythema, and scaling. || Chronicity: The condition is often chronic, with periods of exacerbation and remission.",08-001;08-020,,,,,,
eczema_P002,eczema,symptom,1,severe pruritus,"Eczema, also known as atopic dermatitis, is a chronic, inflammatory skin condition characterized by severe pruritus, erythema, and scaling. || Pruritus: Severe itching is a hallmark symptom of eczema.",08-001;08-008,,,,,,
eczema_P003,eczema,morphology,1,erythema,"Eczema, also known as atopic dermatitis, is a chronic, inflammatory skin condition characterized by severe pruritus, erythema, and scaling. || Erythema: Red, inflamed skin is a common finding.",08-001;08-009,,,,,,
eczema_P004,eczema,morphology,1,scaling,"Eczema, also known as atopic dermatitis, is a chronic, inflammatory skin condition characterized by severe pruritus, erythema, and scaling. || Scaling: Dry, flaky skin is often present.",08-001;08-010,,,,,,
eczema_P005,eczema,history,1,infancy or childhood onset,It can affect individuals of any age but is most common in infants and young children. || Age of Onset: Eczema often begins in infancy or early childhood.,08-002;08-016,,,,,,
eczema_P006,eczema,history,1,genetic predisposition,"Eczema is often associated with a genetic predisposition and environmental factors, leading to a breakdown in the skin barrier and increased susceptibility to irritants and allergens.",08-003,,,,,,
eczema_P007,eczema,morphology,1,impaired skin barrier,"Eczema is often associated with a genetic predisposition and environmental factors, leading to a breakdown in the skin barrier and increased susceptibility to irritants and allergens.",08-003,,,,,,
eczema_P008,eczema,history,1,increased susceptibility to irritants and allergens,"Eczema is often associated with a genetic predisposition and environmental factors, leading to a breakdown in the skin barrier and increased susceptibility to irritants and allergens.",08-003,,,,,,
eczema_P009,eczema,lab,1,elevated eosinophil count,"Eosinophil Count: Elevated eosinophil levels can be indicative of eczema, especially in cases with a strong atopic component.",08-004,,,,,,
eczema_P010,eczema,lab,1,increased serum IgE,"IgE Levels: Increased serum IgE levels are often seen in atopic eczema, reflecting an allergic component.",08-005,,,,,,
eczema_P011,eczema,history,1,allergen exposure as a trigger,"Patch Testing: Useful for identifying specific allergens that may trigger eczema flares. || Trigger Factors: Exposure to irritants (detergents, soaps, solvents), allergens (dust mites, pet dander, certain foods), stress, and changes in temperature and humidity can exacerbate symptoms.",08-007;08-018,,,,,,
eczema_P012,eczema,morphology,1,lichenification,"Lichenification: Thickened, rough skin due to chronic scratching.",08-011,,,,,,
eczema_P013,eczema,morphology,1,excoriations,Excoriations: Scratches and abrasions from intense itching.,08-012,,,,,,
eczema_P014,eczema,morphology,1,papules,"Papules and Vesicles: Small, raised bumps and blisters may appear, especially during flares.",08-013,,,,,,
eczema_P015,eczema,morphology,1,vesicles,"Papules and Vesicles: Small, raised bumps and blisters may appear, especially during flares.",08-013,,,,,,
eczema_P016,eczema,morphology,1,skin fissures,"Fissures: Cracks in the skin, particularly in areas of frequent movement (e.g., behind the knees, in the elbow creases).",08-014,,,,,,
eczema_P017,eczema,location,1,lesions behind the knees and in the elbow creases,"Fissures: Cracks in the skin, particularly in areas of frequent movement (e.g., behind the knees, in the elbow creases). || Distribution: Eczema typically affects the flexural areas (behind the knees, in the elbow creases) in children and can be more widespread in adults.",08-014;08-019,,,,,,
eczema_P018,eczema,morphology,1,coin-shaped erythematous plaques,"Nummular Lesions: Coin-shaped, erythematous plaques, particularly in nummular eczema.",08-015,,,,,,
eczema_P019,eczema,history,1,family history of atopic conditions,"Family History: A family history of atopic conditions (eczema, asthma, allergic rhinitis) increases the risk.",08-017,,,,,,
eczema_P020,eczema,history,1,irritant exposure as a trigger,"Trigger Factors: Exposure to irritants (detergents, soaps, solvents), allergens (dust mites, pet dander, certain foods), stress, and changes in temperature and humidity can exacerbate symptoms.",08-018,,,,,,
eczema_P021,eczema,history,1,stress as a trigger,"Trigger Factors: Exposure to irritants (detergents, soaps, solvents), allergens (dust mites, pet dander, certain foods), stress, and changes in temperature and humidity can exacerbate symptoms.",08-018,,,,,,
eczema_P022,eczema,history,1,changes in temperature or humidity as a trigger,"Trigger Factors: Exposure to irritants (detergents, soaps, solvents), allergens (dust mites, pet dander, certain foods), stress, and changes in temperature and humidity can exacerbate symptoms.",08-018,,,,,,
eczema_P023,eczema,location,1,widespread lesions in adults,"Distribution: Eczema typically affects the flexural areas (behind the knees, in the elbow creases) in children and can be more widespread in adults.",08-019,,,,,,
eczema_P024,eczema,history,1,periods of exacerbation and remission,"Chronicity: The condition is often chronic, with periods of exacerbation and remission.",08-020,,,,,,
eczema_P025,eczema,history,1,asthma,"Comorbidities: Eczema is often associated with other atopic conditions such as asthma and allergic rhinitis, and in some cases, food allergies, particularly in infants and young children.",08-023,,,,,,
eczema_P026,eczema,history,1,allergic rhinitis,"Comorbidities: Eczema is often associated with other atopic conditions such as asthma and allergic rhinitis, and in some cases, food allergies, particularly in infants and young children.",08-023,,,,,,
eczema_P027,eczema,history,1,food allergies,"Comorbidities: Eczema is often associated with other atopic conditions such as asthma and allergic rhinitis, and in some cases, food allergies, particularly in infants and young children.",08-023,,,,,,
epidermal_cyst_P001,epidermal-cyst,morphology,1,encapsulated subepidermal nodules filled with keratin,"They are benign, encapsulated subepidermal nodules filled with keratin. || Epidermal inclusion cysts are benign, subepidermal nodules filled with keratin. || They typically present as nodules directly underneath the skin, often with a visible central punctum.",09-002;09-021;09-004,,,,,,
epidermal_cyst_P002,epidermal-cyst,location,1,"lesions on the face, scalp, neck, back and scrotum","These cysts can occur anywhere on the body but are most commonly found on the face, scalp, neck, back, and scrotum. || Location: Commonly found on the face, scalp, neck, back, and scrotum.",09-003;09-011,,,,,,
epidermal_cyst_P003,epidermal-cyst,morphology,1,visible central punctum,"They typically present as nodules directly underneath the skin, often with a visible central punctum. || Clinical Appearance: Discrete, freely moveable cysts with a visible central punctum. || Central Punctum: A small, visible opening on the surface of the cyst, through which keratin can sometimes be expressed. || They are diagnosed clinically based on their appearance as discrete, freely moveable cysts with a visible central punctum.",09-004;09-009;09-018;09-022,,,,,,
epidermal_cyst_P004,epidermal-cyst,morphology,1,diameter ranging from a few millimeters to several centimeters,The size can range from a few millimeters to several centimeters in diameter. || Size: Ranges from a few millimeters to several centimeters.,09-005;09-010,,,,,,
epidermal_cyst_P005,epidermal-cyst,history,1,stable lesion size,Lesions may remain stable or progressively enlarge over time.,09-006,,,,,,
epidermal_cyst_P006,epidermal-cyst,history,1,progressive enlargement over time,Lesions may remain stable or progressively enlarge over time.,09-006,,,,,,
epidermal_cyst_P007,epidermal-cyst,lab,1,cyst wall derived from the hair follicle infundibulum,"Histopathology: Confirmation of the diagnosis can be made through histological examination, which shows a cyst wall derived from the infundibular portion of the hair follicle and a cavity filled with laminated keratin.",09-008,,,,,,
epidermal_cyst_P008,epidermal-cyst,lab,1,cavity filled with laminated keratin,"Histopathology: Confirmation of the diagnosis can be made through histological examination, which shows a cyst wall derived from the infundibular portion of the hair follicle and a cavity filled with laminated keratin.",09-008,,,,,,
epidermal_cyst_P009,epidermal-cyst,morphology,1,discrete freely movable subcutaneous nodules,"Clinical Appearance: Discrete, freely moveable cysts with a visible central punctum. || They are diagnosed clinically based on their appearance as discrete, freely moveable cysts with a visible central punctum.",09-009;09-022,,,,,,
epidermal_cyst_P010,epidermal-cyst,morphology,1,enlarged erythematous lesions,"Inflammation: Infected cysts tend to be larger, erythematous, and painful. They may present as a fluctuant filled nodule below the skin.",09-012,,,,,,
epidermal_cyst_P011,epidermal-cyst,symptom,1,pain,"Inflammation: Infected cysts tend to be larger, erythematous, and painful. They may present as a fluctuant filled nodule below the skin. || Rupture: Ruptured cysts can cause an inflammatory reaction, leading to erythema, pain, and swelling. The contents of the cyst, which are usually keratin, can cause a foreign body reaction. || Pain: Infected or inflamed cysts can become painful. || The cysts are generally asymptomatic but can become painful and inflamed if they rupture or become infected.",09-012;09-013;09-015;09-026,,,,,,
epidermal_cyst_P012,epidermal-cyst,morphology,1,fluctuant subcutaneous nodules,"Inflammation: Infected cysts tend to be larger, erythematous, and painful. They may present as a fluctuant filled nodule below the skin. || Fluctuance: Infected cysts may be fluctuant, indicating the presence of fluid.",09-012;09-016,,,,,,
epidermal_cyst_P013,epidermal-cyst,history,1,ruptured lesions,"Rupture: Ruptured cysts can cause an inflammatory reaction, leading to erythema, pain, and swelling. The contents of the cyst, which are usually keratin, can cause a foreign body reaction. || Key clinical findings include the size, location, and presence of inflammation or rupture. || The cysts are generally asymptomatic but can become painful and inflamed if they rupture or become infected.",09-013;09-024;09-026,,,,,,
epidermal_cyst_P014,epidermal-cyst,morphology,1,erythema,"Rupture: Ruptured cysts can cause an inflammatory reaction, leading to erythema, pain, and swelling. The contents of the cyst, which are usually keratin, can cause a foreign body reaction. || Erythema: Inflamed cysts often show increased redness.",09-013;09-017,,,,,,
epidermal_cyst_P015,epidermal-cyst,morphology,1,swelling,"Rupture: Ruptured cysts can cause an inflammatory reaction, leading to erythema, pain, and swelling. The contents of the cyst, which are usually keratin, can cause a foreign body reaction.",09-013,,,,,,
epidermal_cyst_P016,epidermal-cyst,lab,1,foreign body reaction to keratin,"Rupture: Ruptured cysts can cause an inflammatory reaction, leading to erythema, pain, and swelling. The contents of the cyst, which are usually keratin, can cause a foreign body reaction.",09-013,,,,,,
epidermal_cyst_P017,epidermal-cyst,symptom,-1,cutaneous symptoms,Asymptomatic: Most epidermal inclusion cysts are asymptomatic until they rupture or become inflamed. || The cysts are generally asymptomatic but can become painful and inflamed if they rupture or become infected.,09-014;09-026,INFO:NEGATIVE_POLARITY,,,,,
epidermal_cyst_P018,epidermal-cyst,morphology,1,keratin expression from the central punctum,"Central Punctum: A small, visible opening on the surface of the cyst, through which keratin can sometimes be expressed.",09-018,,,,,,
epidermal_cyst_P019,epidermal-cyst,morphology,1,multiple lesions,"Genetic Syndromes: Inclusion cysts found in unusual numbers or locations, such as the extremities, trunk, or back of the ears, may be associated with genetic conditions like Gardner syndrome (familial adenomatous polyposis).",09-020,,,,,,
epidermal_cyst_P020,epidermal-cyst,location,1,"lesions on the extremities, trunk or posterior ears","Genetic Syndromes: Inclusion cysts found in unusual numbers or locations, such as the extremities, trunk, or back of the ears, may be associated with genetic conditions like Gardner syndrome (familial adenomatous polyposis).",09-020,,,,,,
epidermal_cyst_P021,epidermal-cyst,history,1,familial adenomatous polyposis,"Genetic Syndromes: Inclusion cysts found in unusual numbers or locations, such as the extremities, trunk, or back of the ears, may be associated with genetic conditions like Gardner syndrome (familial adenomatous polyposis).",09-020,,,,,,
epidermal_cyst_P022,epidermal-cyst,morphology,1,inflamed lesions,"Key clinical findings include the size, location, and presence of inflammation or rupture. || The cysts are generally asymptomatic but can become painful and inflamed if they rupture or become infected.",09-024;09-026,,,,,,
erythema_multiforme_P001,erythema multiforme,history,1,acute course,"Erythema multiforme (EM) is an acute, immune-mediated disorder characterized by distinctive skin lesions, often with mucosal involvement.",10-001,,,,,,
erythema_multiforme_P002,erythema multiforme,history,1,self-limiting course,It is typically self-limiting and can be classified into two main variants: EM minor and EM major. || Erythema multiforme is a self-limiting condition characterized by target lesions and mucosal involvement.,10-002;10-030,,,,,,
erythema_multiforme_P003,erythema multiforme,location,1,lesions on the extremities and trunk,"EM minor is characterized by target or iris lesions on the extremities and trunk, with minimal mucosal involvement. || Target or Iris Lesions: Characteristic skin lesions with a central sore surrounded by pale red rings, often symmetrically distributed on the extremities and trunk.",10-003;10-010,,,,,,
erythema_multiforme_P004,erythema multiforme,location,-1,mucosal involvement,"EM minor is characterized by target or iris lesions on the extremities and trunk, with minimal mucosal involvement.",10-003,INFO:NEGATIVE_POLARITY,delete,,,,mau thuan P014 (EM major co ton thuong niem mac)
erythema_multiforme_P005,erythema multiforme,location,1,severe mucosal damage,"EM major, also known as Stevens-Johnson syndrome (SJS), involves more severe mucosal damage and can be life-threatening.",10-004,,,,,,
erythema_multiforme_P006,erythema multiforme,lab,1,elevated white blood cell count,White Blood Cell Count (WBC): May be elevated in cases with significant inflammation.,10-005,,,,,,
erythema_multiforme_P007,erythema multiforme,lab,1,elevated C-reactive protein,"C-Reactive Protein (CRP): Often elevated, indicating an inflammatory response.",10-006,,,,,,
erythema_multiforme_P008,erythema multiforme,lab,1,elevated erythrocyte sedimentation rate,Erythrocyte Sedimentation Rate (ESR): Typically elevated in severe cases.,10-007,,,,,,
erythema_multiforme_P009,erythema multiforme,history,1,recurrent course,"Herpes Simplex Virus (HSV) Serology: Positive in many cases of recurrent EM, particularly EM minor.",10-008,,,,,,
erythema_multiforme_P010,erythema multiforme,lab,1,positive herpes simplex virus serology,"Herpes Simplex Virus (HSV) Serology: Positive in many cases of recurrent EM, particularly EM minor.",10-008,,,,,,
erythema_multiforme_P011,erythema multiforme,lab,1,positive Mycoplasma pneumoniae serology,Mycoplasma pneumoniae Serology: Positive in cases associated with Mycoplasma infection.,10-009,,,,,,
erythema_multiforme_P012,erythema multiforme,morphology,1,central sores surrounded by pale red rings,"EM minor is characterized by target or iris lesions on the extremities and trunk, with minimal mucosal involvement. || Target or Iris Lesions: Characteristic skin lesions with a central sore surrounded by pale red rings, often symmetrically distributed on the extremities and trunk. || Erythema multiforme is a self-limiting condition characterized by target lesions and mucosal involvement.",10-003;10-010;10-030,,,,,,
erythema_multiforme_P013,erythema multiforme,location,1,symmetrical lesion distribution,"Target or Iris Lesions: Characteristic skin lesions with a central sore surrounded by pale red rings, often symmetrically distributed on the extremities and trunk. || Symmetrical Distribution: Lesions are typically symmetrically distributed on the extremities and may spread centripetally.",10-010;10-012,,,,,,
erythema_multiforme_P014,erythema multiforme,location,1,"oral, conjunctival and genital mucosal involvement","Erythema multiforme (EM) is an acute, immune-mediated disorder characterized by distinctive skin lesions, often with mucosal involvement. || Erythema multiforme is a self-limiting condition characterized by target lesions and mucosal involvement. || Mucosal Involvement: Oral, conjunctival, and genital mucosa may be affected, particularly in EM major.",10-001;10-030;10-011,,,,,,
erythema_multiforme_P015,erythema multiforme,location,1,centripetal spread of lesions,Symmetrical Distribution: Lesions are typically symmetrically distributed on the extremities and may spread centripetally.,10-012,,,,,,
erythema_multiforme_P016,erythema multiforme,history,1,individual lesions persisting for at least 7 days,"Fixed Lesions: Individual lesions persist for at least 7 days, distinguishing EM from urticaria.",10-013,,,,,,
erythema_multiforme_P017,erythema multiforme,morphology,1,blisters and vesicles,"Blisters and Vesicles: May be present, especially in more severe cases.",10-014,,,,,,
erythema_multiforme_P018,erythema multiforme,symptom,1,fever,Fever: Common in more severe cases.,10-015,,,,,,
erythema_multiforme_P019,erythema multiforme,symptom,1,general ill feeling,General Ill Feeling: Often reported.,10-016,,,,,,
erythema_multiforme_P020,erythema multiforme,symptom,1,skin itching,Itching of the Skin: Frequent symptom.,10-017,,,,,,
erythema_multiforme_P021,erythema multiforme,symptom,1,joint aches,Joint Aches: May occur.,10-018,,,,,,
erythema_multiforme_P022,erythema multiforme,symptom,1,mouth sores,Mouth Sores: Common in EM minor and more severe in EM major.,10-019,,,,,,
erythema_multiforme_P023,erythema multiforme,symptom,1,bloodshot eyes,"Eye Symptoms: Bloodshot eyes, dry eyes, eye burning, itching, and discharge.",10-020,,,,,,
erythema_multiforme_P024,erythema multiforme,symptom,1,dry eyes,"Eye Symptoms: Bloodshot eyes, dry eyes, eye burning, itching, and discharge.",10-020,,,,,,
erythema_multiforme_P025,erythema multiforme,symptom,1,eye burning,"Eye Symptoms: Bloodshot eyes, dry eyes, eye burning, itching, and discharge.",10-020,,,,,,
erythema_multiforme_P026,erythema multiforme,symptom,1,eye itching,"Eye Symptoms: Bloodshot eyes, dry eyes, eye burning, itching, and discharge.",10-020,,,,,,
erythema_multiforme_P027,erythema multiforme,symptom,1,eye discharge,"Eye Symptoms: Bloodshot eyes, dry eyes, eye burning, itching, and discharge.",10-020,,,,,,
erythema_multiforme_P028,erythema multiforme,symptom,1,vision problems,Vision Problems: Rare but possible.,10-021,,,,,,
erythema_multiforme_P029,erythema multiforme,location,1,"lesions on the hands, feet and extensor limb surfaces","Acral Distribution: Lesions are predominantly on the hands, feet, and extensor surfaces of the limbs.",10-022,,,,,,
erythema_multiforme_P030,erythema multiforme,history,1,malaise preceding the eruption,"Prodromal Symptoms: Malaise, myalgia, and upper respiratory symptoms may precede the eruption.",10-023,,,,,,
erythema_multiforme_P031,erythema multiforme,history,1,myalgia preceding the eruption,"Prodromal Symptoms: Malaise, myalgia, and upper respiratory symptoms may precede the eruption.",10-023,,,,,,
erythema_multiforme_P032,erythema multiforme,history,1,upper respiratory symptoms preceding the eruption,"Prodromal Symptoms: Malaise, myalgia, and upper respiratory symptoms may precede the eruption.",10-023,,,,,,
erythema_multiforme_P033,erythema multiforme,history,1,herpes simplex virus infection as a trigger,"Infections: Herpes simplex virus (HSV) is the most common cause, especially in EM minor. Mycoplasma pneumoniae is a significant cause in EM major, particularly in children. || Diagnosis is primarily based on clinical features, with HSV and Mycoplasma pneumoniae being the most common triggers.",10-024;10-031,,,,,,
erythema_multiforme_P034,erythema multiforme,history,1,Mycoplasma pneumoniae infection as a trigger,"Infections: Herpes simplex virus (HSV) is the most common cause, especially in EM minor. Mycoplasma pneumoniae is a significant cause in EM major, particularly in children. || Diagnosis is primarily based on clinical features, with HSV and Mycoplasma pneumoniae being the most common triggers.",10-024;10-031,,,,,,
erythema_multiforme_P035,erythema multiforme,history,1,childhood age,"Infections: Herpes simplex virus (HSV) is the most common cause, especially in EM minor. Mycoplasma pneumoniae is a significant cause in EM major, particularly in children.",10-024,,,,,,
erythema_multiforme_P036,erythema multiforme,history,1,nonsteroidal anti-inflammatory drug exposure,"Drugs: Nonsteroidal anti-inflammatory drugs (NSAIDs), antibiotics, and anticonvulsants are common triggers.",10-025,,,,,,
erythema_multiforme_P037,erythema multiforme,history,1,antibiotic exposure,"Drugs: Nonsteroidal anti-inflammatory drugs (NSAIDs), antibiotics, and anticonvulsants are common triggers.",10-025,,,,,,
erythema_multiforme_P038,erythema multiforme,history,1,anticonvulsant exposure,"Drugs: Nonsteroidal anti-inflammatory drugs (NSAIDs), antibiotics, and anticonvulsants are common triggers.",10-025,,,,,,
erythema_multiforme_P039,erythema multiforme,history,1,vaccination as a trigger,"Other Factors: Vaccines, autoimmune diseases, and emotional stress may also play a role.",10-026,,,,,,
erythema_multiforme_P040,erythema multiforme,history,1,autoimmune disease,"Other Factors: Vaccines, autoimmune diseases, and emotional stress may also play a role.",10-026,,,,,,
erythema_multiforme_P041,erythema multiforme,history,1,emotional stress as a trigger,"Other Factors: Vaccines, autoimmune diseases, and emotional stress may also play a role.",10-026,,,,,,
folliculitis_P001,folliculitis,morphology,1,inflammation or infection of hair follicles,Folliculitis is a common skin condition characterized by the inflammation or infection of hair follicles.,11-001,,,,,,
folliculitis_P002,folliculitis,location,1,lesions on hair-bearing skin,It can occur anywhere on the skin where hair follicles are present.,11-002,,,,,,
folliculitis_P003,folliculitis,symptom,1,discomfort,"The condition is typically benign but can cause discomfort and, in some cases, progress to more severe conditions if left untreated.",11-003,,,,,,
folliculitis_P004,folliculitis,lab,1,Staphylococcus aureus infection,Bacterial: Staphylococcus aureus is the most common causative agent. Cultures can confirm the presence of bacteria.,11-004,,,,,,
folliculitis_P005,folliculitis,lab,1,positive bacterial culture,Bacterial: Staphylococcus aureus is the most common causative agent. Cultures can confirm the presence of bacteria.,11-004,,,,,,
folliculitis_P006,folliculitis,lab,1,Malassezia infection,Fungal: Malassezia (Pityrosporum) is a common cause of fungal folliculitis. KOH preparation can be used to visualize fungal spores.,11-005,,,,,,
folliculitis_P007,folliculitis,lab,1,fungal spores on KOH preparation,Fungal: Malassezia (Pityrosporum) is a common cause of fungal folliculitis. KOH preparation can be used to visualize fungal spores.,11-005,,,,,,
folliculitis_P008,folliculitis,lab,1,herpes simplex virus infection,"Viral: Herpes simplex virus (HSV) can cause herpetic folliculitis, confirmed by Tzanck smear or viral culture.",11-006,,,,,,
folliculitis_P009,folliculitis,lab,1,positive Tzanck smear or viral culture,"Viral: Herpes simplex virus (HSV) can cause herpetic folliculitis, confirmed by Tzanck smear or viral culture.",11-006,,,,,,
folliculitis_P010,folliculitis,lab,1,lymphocytic and eosinophilic inflammation around hair follicles,Eosinophilic Folliculitis: Skin biopsy shows lymphocytic and eosinophilic inflammation around hair follicles.,11-007,,,,,,
folliculitis_P011,folliculitis,lab,1,neutrophilic invasion of hair follicles,Bacterial Folliculitis: Biopsy shows neutrophilic invasion of the hair follicle.,11-008,,,,,,
folliculitis_P012,folliculitis,lab,1,fungal spores and hyphae on biopsy,Fungal Folliculitis: Biopsy may show fungal spores and hyphae.,11-009,,,,,,
folliculitis_P013,folliculitis,morphology,1,erythematous folliculocentric papules and pustules with a central hair,"Superficial Folliculitis: Multiple erythematous, folliculocentric papules and pustules, usually less than 5 mm in diameter, often with a central hair. || Key diagnostic features include erythematous papules and pustules, often with a central hair, and specific findings on dermoscopy.",11-010;11-050,,,,,,
folliculitis_P014,folliculitis,morphology,1,lesions less than 5 mm in diameter,"Superficial Folliculitis: Multiple erythematous, folliculocentric papules and pustules, usually less than 5 mm in diameter, often with a central hair.",11-010,,,,,,
folliculitis_P015,folliculitis,morphology,1,tender plaques and nodules,"Deep Folliculitis: Tender plaques and nodules overlying erythema and induration, which may heal with scarring.",11-011,,,,,,
folliculitis_P016,folliculitis,morphology,1,overlying erythema and induration,"Deep Folliculitis: Tender plaques and nodules overlying erythema and induration, which may heal with scarring.",11-011,,,,,,
folliculitis_P017,folliculitis,morphology,1,scarring,"Deep Folliculitis: Tender plaques and nodules overlying erythema and induration, which may heal with scarring.",11-011,,,,,,
folliculitis_P018,folliculitis,morphology,1,itchy red folliculocentric papules,"Eosinophilic Folliculitis: Itchy red bumps (papules) centered on hair follicles, typically on the upper body.",11-012,,,,,,
folliculitis_P019,folliculitis,symptom,1,itching,"Eosinophilic Folliculitis: Itchy red bumps (papules) centered on hair follicles, typically on the upper body. || Itching || Pityrosporum Folliculitis: Pruritic papules and pustules on the upper body and face.",11-012;11-018;11-023,,,,,,
folliculitis_P020,folliculitis,location,1,lesions on the upper body,"Eosinophilic Folliculitis: Itchy red bumps (papules) centered on hair follicles, typically on the upper body.",11-012,,,,,,
folliculitis_P021,folliculitis,morphology,1,follicular vesicles and pustules,"Herpetic Folliculitis: Vesicles and pustules in a follicular distribution, often with a history of herpes infection.",11-013,,,,,,
folliculitis_P022,folliculitis,history,1,history of herpes infection,"Herpetic Folliculitis: Vesicles and pustules in a follicular distribution, often with a history of herpes infection.",11-013,,,,,,
folliculitis_P023,folliculitis,morphology,1,follicular pustules,"Folliculitis Decalvans: Follicular pustules, lack of ostia, diffuse and perifollicular erythema, follicular tufting, and hemorrhagic crusts and erosions. || Folliculitis Decalvans: Follicular tufts, perifollicular erythema, crusts, and pustules. || General Folliculitis: Perifollicular erythema and pustules.",11-014;11-015;11-016,,,,,,
folliculitis_P024,folliculitis,morphology,-1,follicular ostia,"Folliculitis Decalvans: Follicular pustules, lack of ostia, diffuse and perifollicular erythema, follicular tufting, and hemorrhagic crusts and erosions.",11-014,INFO:NEGATIVE_POLARITY,,,,,
folliculitis_P025,folliculitis,morphology,1,diffuse and perifollicular erythema,"Folliculitis Decalvans: Follicular pustules, lack of ostia, diffuse and perifollicular erythema, follicular tufting, and hemorrhagic crusts and erosions. || Folliculitis Decalvans: Follicular tufts, perifollicular erythema, crusts, and pustules. || General Folliculitis: Perifollicular erythema and pustules.",11-014;11-015;11-016,,,,,,
folliculitis_P026,folliculitis,morphology,1,follicular tufting,"Folliculitis Decalvans: Follicular pustules, lack of ostia, diffuse and perifollicular erythema, follicular tufting, and hemorrhagic crusts and erosions. || Folliculitis Decalvans: Follicular tufts, perifollicular erythema, crusts, and pustules.",11-014;11-015,,,,,,
folliculitis_P027,folliculitis,morphology,1,hemorrhagic crusts and erosions,"Folliculitis Decalvans: Follicular pustules, lack of ostia, diffuse and perifollicular erythema, follicular tufting, and hemorrhagic crusts and erosions.",11-014,,,,,,
folliculitis_P028,folliculitis,morphology,1,rash,Rash,11-017,,,,,,
folliculitis_P029,folliculitis,morphology,1,pimples or pustules near hair follicles,Pimples or pustules near hair follicles,11-019,,,,,,
folliculitis_P030,folliculitis,morphology,1,crusting over lesions,"Folliculitis Decalvans: Follicular tufts, perifollicular erythema, crusts, and pustules. || Crusting over the lesions",11-015;11-020,,,,,,
folliculitis_P031,folliculitis,lab,1,Staphylococcus infection of hair follicles in the beard area,"Barber's Itch: Staph infection of the hair follicles in the beard area, worsened by shaving.",11-021,,,,,,
folliculitis_P032,folliculitis,location,1,lesions in the beard area,"Barber's Itch: Staph infection of the hair follicles in the beard area, worsened by shaving. || Tinea Barbae: Fungal infection of the beard area.",11-021;11-022,,,,,,
folliculitis_P033,folliculitis,history,1,worsening with shaving,"Barber's Itch: Staph infection of the hair follicles in the beard area, worsened by shaving.",11-021,,,,,,
folliculitis_P034,folliculitis,lab,1,fungal infection in the beard area,Tinea Barbae: Fungal infection of the beard area.,11-022,,,,,,
folliculitis_P035,folliculitis,morphology,1,pruritic papules and pustules,Pityrosporum Folliculitis: Pruritic papules and pustules on the upper body and face.,11-023,,,,,,
folliculitis_P036,folliculitis,location,1,lesions on the upper body and face,Pityrosporum Folliculitis: Pruritic papules and pustules on the upper body and face.,11-023,,,,,,
folliculitis_P037,folliculitis,morphology,1,small red folliculocentric papules,"Pruritic Folliculitis of Pregnancy: Small red bumps around hair follicles, typically appearing on the abdomen and spreading to the chest, back, shoulders, arms, and thighs during the second or third trimester.",11-024,,,,,,
folliculitis_P038,folliculitis,location,1,"lesions on the abdomen spreading to the chest, back, shoulders, arms and thighs","Pruritic Folliculitis of Pregnancy: Small red bumps around hair follicles, typically appearing on the abdomen and spreading to the chest, back, shoulders, arms, and thighs during the second or third trimester.",11-024,,,,,,
folliculitis_P039,folliculitis,history,1,second- or third-trimester pregnancy,"Pruritic Folliculitis of Pregnancy: Small red bumps around hair follicles, typically appearing on the abdomen and spreading to the chest, back, shoulders, arms, and thighs during the second or third trimester.",11-024,,,,,,
folliculitis_P040,folliculitis,lab,1,Demodex mites associated with histologic follicular inflammation,Demodex-Associated Folliculitis: Nonrandom association between Demodex mites and histologic folliculitis.,11-025,,,,,,
folliculitis_P041,folliculitis,history,1,diabetes,Diabetes,11-043,,,,,,
folliculitis_P042,folliculitis,history,1,obesity,Obesity,11-044,,,,,,
folliculitis_P043,folliculitis,history,1,prolonged oral antibiotic use,Prolonged use of oral antibiotics,11-045,,,,,,
folliculitis_P044,folliculitis,history,1,immunocompromised status,Immunocompromised status,11-046,,,,,,
folliculitis_P045,folliculitis,history,1,frequent shaving,Frequent shaving,11-047,,,,,,
folliculitis_P046,folliculitis,lab,1,bacterial infection,"Folliculitis is a multifaceted condition with various etiologies, including bacterial, fungal, and viral infections.",11-048,,,,,,
folliculitis_P047,folliculitis,lab,1,fungal infection,"Folliculitis is a multifaceted condition with various etiologies, including bacterial, fungal, and viral infections.",11-048,,,,,,
folliculitis_P048,folliculitis,lab,1,viral infection,"Folliculitis is a multifaceted condition with various etiologies, including bacterial, fungal, and viral infections.",11-048,,,,,,
folliculitis_P049,folliculitis,lab,1,dermoscopic perifollicular erythema and pustules,"Key diagnostic features include erythematous papules and pustules, often with a central hair, and specific findings on dermoscopy.",11-050,,,,,,
granuloma_annulare_P036,granuloma annulare,lab,1,multinucleated giant cells,"Inflammatory Infiltrate: Predominantly lymphocytic, with occasional multinucleated giant cells.",12-021,,delete,,,,trung y het dong truoc (finalize se bao DUPLICATE)
granuloma_annulare_P037,granuloma annulare,location,1,"lesions on the hands, feet and extremities","Key diagnostic features include the annular arrangement of lesions, typical locations on the hands, feet, and extremities, and the presence of necrobiotic areas on histopathology.",12-024,,,,,,
hailey_hailey_disease_P001,hailey hailey disease,history,1,autosomal dominant inheritance,"Hailey-Hailey disease (HHD), also known as familial benign chronic pemphigus, is a rare autosomal dominant genodermatosis characterized by recurrent, painful blisters and erosions in the intertriginous areas of the skin.",13-001,,,,,,
hailey_hailey_disease_P002,hailey hailey disease,morphology,1,recurrent blisters and erosions,"Hailey-Hailey disease (HHD), also known as familial benign chronic pemphigus, is a rare autosomal dominant genodermatosis characterized by recurrent, painful blisters and erosions in the intertriginous areas of the skin. || Lesions: Recurrent, painful blisters and erosions, often forming erythematous plaques with ""rhagades"" (fissures). || Clinical Morphology: Recurrent, painful blisters and erosions in intertriginous areas.",13-001;13-004;13-014,,,,,,
hailey_hailey_disease_P003,hailey hailey disease,symptom,1,painful lesions,"Hailey-Hailey disease (HHD), also known as familial benign chronic pemphigus, is a rare autosomal dominant genodermatosis characterized by recurrent, painful blisters and erosions in the intertriginous areas of the skin. || Lesions: Recurrent, painful blisters and erosions, often forming erythematous plaques with ""rhagades"" (fissures). || Clinical Morphology: Recurrent, painful blisters and erosions in intertriginous areas.",13-001;13-004;13-014,,,,,,
hailey_hailey_disease_P004,hailey hailey disease,location,1,lesions in intertriginous areas,"Hailey-Hailey disease (HHD), also known as familial benign chronic pemphigus, is a rare autosomal dominant genodermatosis characterized by recurrent, painful blisters and erosions in the intertriginous areas of the skin. || Clinical Morphology: Recurrent, painful blisters and erosions in intertriginous areas.",13-001;13-014,,,,,,
hailey_hailey_disease_P005,hailey hailey disease,history,1,onset between the second and fourth decades of life,"The disease typically presents between the second and fourth decades of life, with a chronic, relapsing course.",13-002,,,,,,
hailey_hailey_disease_P006,hailey hailey disease,history,1,chronic relapsing course,"The disease typically presents between the second and fourth decades of life, with a chronic, relapsing course.",13-002,,,,,,
hailey_hailey_disease_P007,hailey hailey disease,lab,1,impaired keratinocyte adhesion,"The primary cause is a defect in the calcium pump ATP2C1 gene, leading to impaired keratinocyte adhesion and acantholysis.",13-003,,,,,,
hailey_hailey_disease_P008,hailey hailey disease,morphology,1,erythematous plaques,"Lesions: Recurrent, painful blisters and erosions, often forming erythematous plaques with ""rhagades"" (fissures).",13-004,,,,,,
hailey_hailey_disease_P009,hailey hailey disease,morphology,1,fissures,"Lesions: Recurrent, painful blisters and erosions, often forming erythematous plaques with ""rhagades"" (fissures).",13-004,,,,,,
hailey_hailey_disease_P010,hailey hailey disease,location,1,"lesions on the neck, axillae, inguinal folds and submammary areas","Location: Predominantly affects intertriginous areas such as the neck, axillae, inguinal folds, and submammary areas.",13-005,,,,,,
hailey_hailey_disease_P011,hailey hailey disease,history,1,friction as an exacerbating trigger,"Triggers: Friction, heat, sweating, and physical trauma can exacerbate the lesions.",13-006,,,,,,
hailey_hailey_disease_P012,hailey hailey disease,history,1,heat as an exacerbating trigger,"Triggers: Friction, heat, sweating, and physical trauma can exacerbate the lesions.",13-006,,,,,,
hailey_hailey_disease_P013,hailey hailey disease,history,1,sweating as an exacerbating trigger,"Triggers: Friction, heat, sweating, and physical trauma can exacerbate the lesions.",13-006,,,,,,
hailey_hailey_disease_P014,hailey hailey disease,history,1,physical trauma as an exacerbating trigger,"Triggers: Friction, heat, sweating, and physical trauma can exacerbate the lesions.",13-006,,,,,,
hailey_hailey_disease_P015,hailey hailey disease,morphology,1,asymptomatic longitudinal white bands in fingernails,Nail Changes: Asymptomatic longitudinal white bands in fingernails are present in about 71% of patients.,13-007,,,,,,
hailey_hailey_disease_P016,hailey hailey disease,location,1,lesions in non-intertriginous regions,Atypical Presentations: Can involve non-intertriginous regions and may present as lichenoid plaques.,13-008,,,,,,
hailey_hailey_disease_P017,hailey hailey disease,morphology,1,lichenoid plaques,Atypical Presentations: Can involve non-intertriginous regions and may present as lichenoid plaques.,13-008,,,,,,
hailey_hailey_disease_P018,hailey hailey disease,lab,1,dilapidated brick wall appearance,"Histopathology: Characteristic ""dilapidated brick wall"" appearance with suprabasal acantholysis and formation of intraepidermal bullae. || Histopathology: Suprabasal acantholysis and ""dilapidated brick wall"" appearance.",13-009;13-016,,,,,,
hailey_hailey_disease_P019,hailey hailey disease,lab,1,intraepidermal bullae,"Histopathology: Characteristic ""dilapidated brick wall"" appearance with suprabasal acantholysis and formation of intraepidermal bullae.",13-009,,,,,,
hailey_hailey_disease_P020,hailey hailey disease,lab,-1,abnormal localization of desmoplakin and desmoglein,"Immunohistochemistry: Normal localization of desmosomal proteins (desmoplakin, desmoglein) but altered actin filaments in the involved epidermis.",13-010,INFO:NEGATIVE_POLARITY,,,,,
hailey_hailey_disease_P021,hailey hailey disease,lab,1,altered actin filaments in involved epidermis,"Immunohistochemistry: Normal localization of desmosomal proteins (desmoplakin, desmoglein) but altered actin filaments in the involved epidermis.",13-010,,,,,,
hailey_hailey_disease_P022,hailey hailey disease,lab,1,ATP2C1 gene mutations,"The primary cause is a defect in the calcium pump ATP2C1 gene, leading to impaired keratinocyte adhesion and acantholysis. || Genetic Testing: Identification of mutations in the ATP2C1 gene. || Genetic Testing: Mutations in the ATP2C1 gene.",13-003;13-011;13-017,,,,,,
hailey_hailey_disease_P023,hailey hailey disease,lab,1,glomerular and linear-looped vessels within a pink-whitish background,Dermoscopy: Polymorphous vessels (glomerular and linear-looped) within a pink-whitish background.,13-012,,,,,,
hailey_hailey_disease_P024,hailey hailey disease,lab,1,wide suprabasilar partial acantholysis and clefting,"The primary cause is a defect in the calcium pump ATP2C1 gene, leading to impaired keratinocyte adhesion and acantholysis. || Histopathology: Characteristic ""dilapidated brick wall"" appearance with suprabasal acantholysis and formation of intraepidermal bullae. || Histopathology: Suprabasal acantholysis and ""dilapidated brick wall"" appearance. || Reflectance Confocal Microscopy: Wide suprabasilar partial acantholysis and clefting, crusts, and dilated vessels.",13-003;13-009;13-016;13-013,,,,,,
hailey_hailey_disease_P025,hailey hailey disease,lab,1,crusts on reflectance confocal microscopy,"Reflectance Confocal Microscopy: Wide suprabasilar partial acantholysis and clefting, crusts, and dilated vessels.",13-013,,,,,,
hailey_hailey_disease_P026,hailey hailey disease,lab,1,dilated vessels on reflectance confocal microscopy,"Reflectance Confocal Microscopy: Wide suprabasilar partial acantholysis and clefting, crusts, and dilated vessels.",13-013,,,,,,
hailey_hailey_disease_P027,hailey hailey disease,history,1,positive family history,Family History: Positive family history in about two-thirds of cases.,13-015,,,,,,
juvenile_xanthogranuloma_P001,juvenile xanthogranuloma,history,1,infancy and young childhood,"Juvenile xanthogranuloma (JXG) is a benign, self-healing disorder primarily affecting infants and young children.",14-001,,,,,,
juvenile_xanthogranuloma_P002,juvenile xanthogranuloma,morphology,1,solitary or multiple yellow-red skin nodules,"It is characterized by solitary or multiple yellow-red nodules on the skin, most commonly found on the face, neck, and upper torso.",14-002,,,,,,
juvenile_xanthogranuloma_P003,juvenile xanthogranuloma,location,1,"lesions on the face, neck and upper torso","It is characterized by solitary or multiple yellow-red nodules on the skin, most commonly found on the face, neck, and upper torso. || Location: Most frequently on the face, neck, and upper torso. Can also appear on the trunk, extremities, and less commonly, the oral mucosa. || Clinical Presentation: Yellow-red to brown papules or nodules, typically on the face, neck, and upper torso.",14-002;14-005;14-023,,,,,,
juvenile_xanthogranuloma_P004,juvenile xanthogranuloma,lab,1,non-Langerhans-cell histiocytic proliferation,"JXG is a non-Langerhans cell histiocytosis, and while it is typically limited to the skin, it can occasionally involve other organs, including the eyes, lungs, liver, and central nervous system (CNS).",14-003,,,,,,
juvenile_xanthogranuloma_P005,juvenile xanthogranuloma,location,1,skin-limited involvement,"JXG is a non-Langerhans cell histiocytosis, and while it is typically limited to the skin, it can occasionally involve other organs, including the eyes, lungs, liver, and central nervous system (CNS).",14-003,,,,,,
juvenile_xanthogranuloma_P006,juvenile xanthogranuloma,location,1,"involvement of the eyes, lungs, liver and central nervous system","JXG is a non-Langerhans cell histiocytosis, and while it is typically limited to the skin, it can occasionally involve other organs, including the eyes, lungs, liver, and central nervous system (CNS).",14-003,,,,,,
juvenile_xanthogranuloma_P007,juvenile xanthogranuloma,morphology,1,yellow-red to brown papules or nodules,"Skin Lesions: Yellow-red to brown papules or nodules, typically 2-5 mm in diameter. Larger nodules (1-2 cm) are also common. || Clinical Presentation: Yellow-red to brown papules or nodules, typically on the face, neck, and upper torso.",14-004;14-023,,,,,,
juvenile_xanthogranuloma_P008,juvenile xanthogranuloma,morphology,1,lesions measuring 2-5 mm,"Skin Lesions: Yellow-red to brown papules or nodules, typically 2-5 mm in diameter. Larger nodules (1-2 cm) are also common.",14-004,,,,,,
juvenile_xanthogranuloma_P009,juvenile xanthogranuloma,morphology,1,nodules measuring 1-2 cm,"Skin Lesions: Yellow-red to brown papules or nodules, typically 2-5 mm in diameter. Larger nodules (1-2 cm) are also common.",14-004,,,,,,
juvenile_xanthogranuloma_P010,juvenile xanthogranuloma,location,1,lesions on the trunk and extremities,"Location: Most frequently on the face, neck, and upper torso. Can also appear on the trunk, extremities, and less commonly, the oral mucosa.",14-005,,,,,,
juvenile_xanthogranuloma_P011,juvenile xanthogranuloma,location,1,lesions on the oral mucosa,"Location: Most frequently on the face, neck, and upper torso. Can also appear on the trunk, extremities, and less commonly, the oral mucosa.",14-005,,,,,,
juvenile_xanthogranuloma_P012,juvenile xanthogranuloma,morphology,1,lesions larger than 2 cm,"Variants: Giant JXG (lesions >2 cm), atrophic plaque, cutaneous horn, and subcutaneous mass.",14-006,,,,,,
juvenile_xanthogranuloma_P013,juvenile xanthogranuloma,morphology,1,atrophic plaques,"Variants: Giant JXG (lesions >2 cm), atrophic plaque, cutaneous horn, and subcutaneous mass.",14-006,,,,,,
juvenile_xanthogranuloma_P014,juvenile xanthogranuloma,morphology,1,cutaneous horns,"Variants: Giant JXG (lesions >2 cm), atrophic plaque, cutaneous horn, and subcutaneous mass.",14-006,,,,,,
juvenile_xanthogranuloma_P015,juvenile xanthogranuloma,morphology,1,subcutaneous masses,"Variants: Giant JXG (lesions >2 cm), atrophic plaque, cutaneous horn, and subcutaneous mass.",14-006,,,,,,
juvenile_xanthogranuloma_P016,juvenile xanthogranuloma,history,1,onset during the first year of life,"Onset: Most cases appear during the first year of life, with 15-20% of patients having lesions at birth.",14-007,,,,,,
juvenile_xanthogranuloma_P017,juvenile xanthogranuloma,history,1,lesions present at birth,"Onset: Most cases appear during the first year of life, with 15-20% of patients having lesions at birth.",14-007,,,,,,
juvenile_xanthogranuloma_P018,juvenile xanthogranuloma,lab,1,histiocytic accumulation,"Histopathology: Characterized by an accumulation of histiocytes, often with multinucleated Touton giant cells, lymphocytes, and eosinophils. || Histopathology: Histiocytes with multinucleated Touton giant cells, positive for CD68 and CD163, negative for S100 protein.",14-008;14-024,,,,,,
juvenile_xanthogranuloma_P019,juvenile xanthogranuloma,lab,1,multinucleated Touton giant cells,"Histopathology: Characterized by an accumulation of histiocytes, often with multinucleated Touton giant cells, lymphocytes, and eosinophils. || Histopathology: Histiocytes with multinucleated Touton giant cells, positive for CD68 and CD163, negative for S100 protein.",14-008;14-024,,,,,,
juvenile_xanthogranuloma_P020,juvenile xanthogranuloma,lab,1,lymphocytic infiltrate,"Histopathology: Characterized by an accumulation of histiocytes, often with multinucleated Touton giant cells, lymphocytes, and eosinophils.",14-008,,,,,,
juvenile_xanthogranuloma_P021,juvenile xanthogranuloma,lab,1,eosinophilic infiltrate,"Histopathology: Characterized by an accumulation of histiocytes, often with multinucleated Touton giant cells, lymphocytes, and eosinophils.",14-008,,,,,,
juvenile_xanthogranuloma_P022,juvenile xanthogranuloma,lab,1,CD68 positivity,"Immunohistochemistry: Positive for CD68 and CD163, negative for S100 protein. || Histopathology: Histiocytes with multinucleated Touton giant cells, positive for CD68 and CD163, negative for S100 protein.",14-009;14-024,,,,,,
juvenile_xanthogranuloma_P023,juvenile xanthogranuloma,lab,1,CD163 positivity,"Immunohistochemistry: Positive for CD68 and CD163, negative for S100 protein. || Histopathology: Histiocytes with multinucleated Touton giant cells, positive for CD68 and CD163, negative for S100 protein.",14-009;14-024,,,,,,
juvenile_xanthogranuloma_P024,juvenile xanthogranuloma,lab,-1,S100 protein positivity,"Immunohistochemistry: Positive for CD68 and CD163, negative for S100 protein. || Histopathology: Histiocytes with multinucleated Touton giant cells, positive for CD68 and CD163, negative for S100 protein.",14-009;14-024,INFO:NEGATIVE_POLARITY,,,,,
juvenile_xanthogranuloma_P025,juvenile xanthogranuloma,lab,1,setting sun pattern,"Dermoscopy: ""Setting sun"" pattern (70.6% of cases), yellow-orange and/or pink-red structureless color, yellow globules, shiny white streaks, brown globules, pale-brown network, and negative network. || Dermoscopy: ""Setting sun"" pattern and characteristic color changes.",14-010;14-025,,,,,,
juvenile_xanthogranuloma_P026,juvenile xanthogranuloma,lab,1,yellow-orange or pink-red structureless areas,"Dermoscopy: ""Setting sun"" pattern (70.6% of cases), yellow-orange and/or pink-red structureless color, yellow globules, shiny white streaks, brown globules, pale-brown network, and negative network. || Dermoscopy: ""Setting sun"" pattern and characteristic color changes.",14-010;14-025,,,,,,
juvenile_xanthogranuloma_P027,juvenile xanthogranuloma,lab,1,yellow globules,"Dermoscopy: ""Setting sun"" pattern (70.6% of cases), yellow-orange and/or pink-red structureless color, yellow globules, shiny white streaks, brown globules, pale-brown network, and negative network.",14-010,,,,,,
juvenile_xanthogranuloma_P028,juvenile xanthogranuloma,lab,1,shiny white streaks,"Dermoscopy: ""Setting sun"" pattern (70.6% of cases), yellow-orange and/or pink-red structureless color, yellow globules, shiny white streaks, brown globules, pale-brown network, and negative network.",14-010,,,,,,
juvenile_xanthogranuloma_P029,juvenile xanthogranuloma,lab,1,brown globules,"Dermoscopy: ""Setting sun"" pattern (70.6% of cases), yellow-orange and/or pink-red structureless color, yellow globules, shiny white streaks, brown globules, pale-brown network, and negative network.",14-010,,,,,,
juvenile_xanthogranuloma_P030,juvenile xanthogranuloma,lab,1,pale-brown network,"Dermoscopy: ""Setting sun"" pattern (70.6% of cases), yellow-orange and/or pink-red structureless color, yellow globules, shiny white streaks, brown globules, pale-brown network, and negative network.",14-010,,,,,,
juvenile_xanthogranuloma_P031,juvenile xanthogranuloma,lab,1,negative network,"Dermoscopy: ""Setting sun"" pattern (70.6% of cases), yellow-orange and/or pink-red structureless color, yellow globules, shiny white streaks, brown globules, pale-brown network, and negative network.",14-010,ERROR:NEGATION_WORD(negative),edit,inverse pigment network,,,"ERROR: tu ""negative"""
juvenile_xanthogranuloma_P032,juvenile xanthogranuloma,lab,1,iso-hypodense mass on CT,CT: Iso-hypo density mass with mild or marked enhancement.,14-011,,,,,,
juvenile_xanthogranuloma_P033,juvenile xanthogranuloma,lab,1,mild or marked enhancement on CT,CT: Iso-hypo density mass with mild or marked enhancement.,14-011,,,,,,
juvenile_xanthogranuloma_P034,juvenile xanthogranuloma,lab,1,slight T1 hyperintensity on MRI,"MRI: Slightly hyperintense on T1, slightly hypointense on T2, with decreased diffusivity and homogeneous enhancement.",14-012,,,,,,
juvenile_xanthogranuloma_P035,juvenile xanthogranuloma,lab,1,slight T2 hypointensity on MRI,"MRI: Slightly hyperintense on T1, slightly hypointense on T2, with decreased diffusivity and homogeneous enhancement.",14-012,,,,,,
juvenile_xanthogranuloma_P036,juvenile xanthogranuloma,lab,1,decreased diffusivity on MRI,"MRI: Slightly hyperintense on T1, slightly hypointense on T2, with decreased diffusivity and homogeneous enhancement.",14-012,,,,,,
juvenile_xanthogranuloma_P037,juvenile xanthogranuloma,lab,1,homogeneous enhancement on MRI,"MRI: Slightly hyperintense on T1, slightly hypointense on T2, with decreased diffusivity and homogeneous enhancement.",14-012,,,,,,
juvenile_xanthogranuloma_P038,juvenile xanthogranuloma,location,1,pulmonary nodules or masses,Lungs: Single or multiple nodules or masses. || Lungs: Nodules or masses.,14-013;14-018,,,,,,
juvenile_xanthogranuloma_P039,juvenile xanthogranuloma,lab,1,iso-hypodense liver mass with enhancement,Liver: Iso-hypo density mass with enhancement.,14-014,,,,,,
juvenile_xanthogranuloma_P040,juvenile xanthogranuloma,lab,1,iso-hypodense kidney mass with enhancement,Kidney: Iso-hypo density mass with enhancement.,14-015,,,,,,
juvenile_xanthogranuloma_P041,juvenile xanthogranuloma,lab,1,intense central nervous system enhancement on MRI,"CNS: Intense enhancement and high perfusion on multimodal MRI (DWI, SWI, PWI).",14-016,,,,,,
juvenile_xanthogranuloma_P042,juvenile xanthogranuloma,lab,1,high central nervous system perfusion on MRI,"CNS: Intense enhancement and high perfusion on multimodal MRI (DWI, SWI, PWI).",14-016,,,,,,
juvenile_xanthogranuloma_P043,juvenile xanthogranuloma,location,1,iris involvement,"Ocular: Most common extracutaneous site, affecting the iris. Can lead to hyphema, glaucoma, and blindness.",14-017,,,,,,
juvenile_xanthogranuloma_P044,juvenile xanthogranuloma,morphology,1,hyphema,"Ocular: Most common extracutaneous site, affecting the iris. Can lead to hyphema, glaucoma, and blindness.",14-017,,,,,,
juvenile_xanthogranuloma_P045,juvenile xanthogranuloma,morphology,1,glaucoma,"Ocular: Most common extracutaneous site, affecting the iris. Can lead to hyphema, glaucoma, and blindness.",14-017,,,,,,
juvenile_xanthogranuloma_P046,juvenile xanthogranuloma,symptom,1,blindness,"Ocular: Most common extracutaneous site, affecting the iris. Can lead to hyphema, glaucoma, and blindness.",14-017,,,,,,
juvenile_xanthogranuloma_P047,juvenile xanthogranuloma,location,1,liver nodules or masses,Liver: Nodules or masses.,14-019,,,,,,
juvenile_xanthogranuloma_P048,juvenile xanthogranuloma,location,1,kidney nodules or masses,Kidney: Nodules or masses.,14-020,,,,,,
juvenile_xanthogranuloma_P049,juvenile xanthogranuloma,location,1,central nervous system involvement,"CNS: Rare, but can cause significant morbidity and mortality.",14-021,,,,,,
juvenile_xanthogranuloma_P050,juvenile xanthogranuloma,location,1,"involvement of the nose, pancreas, greater omentum or testis","Other Sites: Nose, pancreas, greater omentum, and testis.",14-022,,,,,,
juvenile_xanthogranuloma_P051,juvenile xanthogranuloma,history,1,spontaneous regression over 3-6 years,"Juvenile xanthogranuloma (JXG) is a benign, self-healing disorder primarily affecting infants and young children. || Generally excellent, with most lesions spontaneously regressing over 3-6 years. Treatment is usually not required unless lesions are cosmetically concerning or pose a risk to vital functions.",14-001;14-029,,,,,,
keloid_P001,keloid,morphology,1,fibroproliferative growths,"Keloids are benign, fibroproliferative growths that result from an excessive tissue response to skin trauma in predisposed individuals.",15-001,,,,,,
keloid_P002,keloid,morphology,1,extension beyond the original wound boundaries,"They extend beyond the boundaries of the original wound and are more common in darker-skinned individuals, particularly those of African, Asian, and Hispanic descent. || Symptoms: Patients may complain of pain, itching, or burning at the site of the keloid. The lesion may continue to grow and extend beyond the original wound margins. || Differential Diagnosis: Distinguish keloids from hypertrophic scars, which are contained within the original wound boundaries and may regress over time. Keloids, in contrast, overgrow the original wound and do not regress. || Key diagnostic features include a firm, rubbery nodule that extends beyond the original wound, often accompanied by symptoms such as pain, itching, or burning.",15-002;15-010;15-012;15-015,,,,,,
keloid_P003,keloid,history,1,darker skin,"They extend beyond the boundaries of the original wound and are more common in darker-skinned individuals, particularly those of African, Asian, and Hispanic descent. || Risk Factors: Higher incidence in individuals aged 10 to 20, a family history of keloids, and a history of skin trauma. Keloids are more prevalent in darker-skinned individuals. || They are more common in darker-skinned individuals and can cause significant physical and psychological distress.",15-002;15-011;15-014,,,,,,
keloid_P004,keloid,history,1,"African, Asian, or Hispanic ancestry","They extend beyond the boundaries of the original wound and are more common in darker-skinned individuals, particularly those of African, Asian, and Hispanic descent.",15-002,,,,,,
keloid_P005,keloid,history,1,skin injury preceding lesion formation,"Keloids are benign, fibroproliferative growths that result from an excessive tissue response to skin trauma in predisposed individuals. || Risk Factors: Higher incidence in individuals aged 10 to 20, a family history of keloids, and a history of skin trauma. Keloids are more prevalent in darker-skinned individuals. || Keloids are abnormal scars that result from an excessive tissue response to skin trauma. || Keloids can occur following various skin injuries, including acne, burns, piercings, surgical cuts, and traumatic wounds.",15-001;15-011;15-013;15-003,,,,,,
keloid_P006,keloid,lab,1,increased type I and type III collagen production,"Collagen and Extracellular Matrix (ECM) Analysis: Keloids are characterized by an overproduction of collagen and other ECM components, particularly Type I and Type III collagen.",15-004,,,,,,
keloid_P007,keloid,lab,1,increased extracellular matrix component production,"Collagen and Extracellular Matrix (ECM) Analysis: Keloids are characterized by an overproduction of collagen and other ECM components, particularly Type I and Type III collagen.",15-004,,,,,,
keloid_P008,keloid,lab,1,elevated transforming growth factor-beta levels,Growth Factor Levels: Elevated levels of transforming growth factor-beta (TGF-β) and other cytokines are often observed in keloid tissue.,15-005,,,,,,
keloid_P009,keloid,lab,1,elevated cytokine levels,Growth Factor Levels: Elevated levels of transforming growth factor-beta (TGF-β) and other cytokines are often observed in keloid tissue.,15-005,,,,,,
keloid_P010,keloid,lab,1,single-nucleotide polymorphisms and gene linkages,"Genetic Markers: Genetic studies have identified several single-nucleotide polymorphisms (SNPs) and gene linkages that may contribute to keloid formation. Epigenetic modifications, such as DNA methylation and non-coding RNA (e.g., microRNAs and lncRNAs), also play a role in keloid pathogenesis.",15-006,,,,,,
keloid_P011,keloid,lab,1,DNA methylation alterations,"Genetic Markers: Genetic studies have identified several single-nucleotide polymorphisms (SNPs) and gene linkages that may contribute to keloid formation. Epigenetic modifications, such as DNA methylation and non-coding RNA (e.g., microRNAs and lncRNAs), also play a role in keloid pathogenesis.",15-006,,,,,,
keloid_P012,keloid,lab,1,non-coding RNA alterations,"Genetic Markers: Genetic studies have identified several single-nucleotide polymorphisms (SNPs) and gene linkages that may contribute to keloid formation. Epigenetic modifications, such as DNA methylation and non-coding RNA (e.g., microRNAs and lncRNAs), also play a role in keloid pathogenesis.",15-006,,,,,,
keloid_P013,keloid,morphology,1,firm rubbery nodules,"Clinical Appearance: Keloids present as firm, rubbery nodules that are often flesh-colored, red, or dark brown. They can be itchy, painful, or cause a burning sensation. || Key diagnostic features include a firm, rubbery nodule that extends beyond the original wound, often accompanied by symptoms such as pain, itching, or burning.",15-007;15-015,,,,,,
keloid_P014,keloid,morphology,1,"flesh-colored, red, or dark brown color","Clinical Appearance: Keloids present as firm, rubbery nodules that are often flesh-colored, red, or dark brown. They can be itchy, painful, or cause a burning sensation.",15-007,,,,,,
keloid_P015,keloid,symptom,1,"pain, itching, or burning","Clinical Appearance: Keloids present as firm, rubbery nodules that are often flesh-colored, red, or dark brown. They can be itchy, painful, or cause a burning sensation. || Symptoms: Patients may complain of pain, itching, or burning at the site of the keloid. The lesion may continue to grow and extend beyond the original wound margins. || Key diagnostic features include a firm, rubbery nodule that extends beyond the original wound, often accompanied by symptoms such as pain, itching, or burning.",15-007;15-010;15-015,,,,,,
keloid_P016,keloid,lab,1,large abnormal hyalinized collagen bundles,"Histopathology: Histologically, keloids show large, abnormal, hyalinized bundles of collagen (keloidal collagen) and numerous fibroblasts. The collagen fibers are arranged in a disorganized manner, unlike the regular, wavy pattern seen in hypertrophic scars.",15-008,,,,,,
keloid_P017,keloid,lab,1,numerous fibroblasts,"Histopathology: Histologically, keloids show large, abnormal, hyalinized bundles of collagen (keloidal collagen) and numerous fibroblasts. The collagen fibers are arranged in a disorganized manner, unlike the regular, wavy pattern seen in hypertrophic scars. || Histologically, keloids show disorganized collagen bundles and numerous fibroblasts.",15-008;15-016,,,,,,
keloid_P018,keloid,lab,1,disorganized collagen fibers,"Histopathology: Histologically, keloids show large, abnormal, hyalinized bundles of collagen (keloidal collagen) and numerous fibroblasts. The collagen fibers are arranged in a disorganized manner, unlike the regular, wavy pattern seen in hypertrophic scars. || Histologically, keloids show disorganized collagen bundles and numerous fibroblasts.",15-008;15-016,,,,,,
keloid_P019,keloid,location,1,"lesions on the earlobes, upper torso, and triangular muscle","Location: Keloids are more common on the earlobes, upper torso, and triangular muscle. They can occur on any part of the body but are less frequent on the palms and soles.",15-009,,,,,,
keloid_P020,keloid,location,1,lesions on the palms and soles,"Location: Keloids are more common on the earlobes, upper torso, and triangular muscle. They can occur on any part of the body but are less frequent on the palms and soles.",15-009,,,,,,
keloid_P021,keloid,history,1,continued lesion growth,"Symptoms: Patients may complain of pain, itching, or burning at the site of the keloid. The lesion may continue to grow and extend beyond the original wound margins.",15-010,,,,,,
keloid_P022,keloid,history,1,age 10 to 20 years,"Risk Factors: Higher incidence in individuals aged 10 to 20, a family history of keloids, and a history of skin trauma. Keloids are more prevalent in darker-skinned individuals.",15-011,,,,,,
keloid_P023,keloid,history,1,family history,"Risk Factors: Higher incidence in individuals aged 10 to 20, a family history of keloids, and a history of skin trauma. Keloids are more prevalent in darker-skinned individuals.",15-011,,,,,,
keloid_P024,keloid,history,-1,regression over time,"Differential Diagnosis: Distinguish keloids from hypertrophic scars, which are contained within the original wound boundaries and may regress over time. Keloids, in contrast, overgrow the original wound and do not regress.",15-012,INFO:NEGATIVE_POLARITY,,,,,
keloid_P025,keloid,symptom,1,physical and psychological distress,They are more common in darker-skinned individuals and can cause significant physical and psychological distress.,15-014,,,,,,
lichen_planus_P001,lichen planus,history,1,chronic course,"Lichen planus (LP) is a chronic inflammatory disorder that can affect the skin, mucous membranes, nails, and hair. || Lichen planus is a chronic inflammatory condition with various clinical presentations.",16-001;16-018,,,,,,
lichen_planus_P002,lichen planus,location,1,skin involvement,"Lichen planus (LP) is a chronic inflammatory disorder that can affect the skin, mucous membranes, nails, and hair.",16-001,,,,,,
lichen_planus_P003,lichen planus,location,1,mucosal involvement,"Lichen planus (LP) is a chronic inflammatory disorder that can affect the skin, mucous membranes, nails, and hair.",16-001,,,,,,
lichen_planus_P004,lichen planus,location,1,nail involvement,"Lichen planus (LP) is a chronic inflammatory disorder that can affect the skin, mucous membranes, nails, and hair.",16-001,,,,,,
lichen_planus_P005,lichen planus,location,1,hair involvement,"Lichen planus (LP) is a chronic inflammatory disorder that can affect the skin, mucous membranes, nails, and hair.",16-001,,,,,,
lichen_planus_P006,lichen planus,location,1,oral mucosal involvement,"Oral lichen planus (OLP) is a common variant, affecting the oral mucosa.",16-002,,,,,,
lichen_planus_P007,lichen planus,history,1,middle-aged female sex,"OLP is more prevalent in middle-aged females and can present in various forms, including reticular, papular, plaque-like, erosive, atrophic, and bullous. || Oral lichen planus is more common in middle-aged females and can present as reticular, erosive, atrophic, or bullous lesions.",16-004;16-020,,,,,,
lichen_planus_P008,lichen planus,morphology,1,papular oral lesions,"OLP is more prevalent in middle-aged females and can present in various forms, including reticular, papular, plaque-like, erosive, atrophic, and bullous.",16-004,,,,,,
lichen_planus_P009,lichen planus,morphology,1,plaque-like oral lesions,"OLP is more prevalent in middle-aged females and can present in various forms, including reticular, papular, plaque-like, erosive, atrophic, and bullous.",16-004,,,,,,
lichen_planus_P010,lichen planus,morphology,1,erosive oral lesions,"OLP is more prevalent in middle-aged females and can present in various forms, including reticular, papular, plaque-like, erosive, atrophic, and bullous. || Oral lichen planus is more common in middle-aged females and can present as reticular, erosive, atrophic, or bullous lesions.",16-004;16-020,,,,,,
lichen_planus_P011,lichen planus,morphology,1,atrophic oral lesions,"OLP is more prevalent in middle-aged females and can present in various forms, including reticular, papular, plaque-like, erosive, atrophic, and bullous. || Oral lichen planus is more common in middle-aged females and can present as reticular, erosive, atrophic, or bullous lesions.",16-004;16-020,,,,,,
lichen_planus_P012,lichen planus,morphology,1,bullous oral lesions,"OLP is more prevalent in middle-aged females and can present in various forms, including reticular, papular, plaque-like, erosive, atrophic, and bullous. || Oral lichen planus is more common in middle-aged females and can present as reticular, erosive, atrophic, or bullous lesions.",16-004;16-020,,,,,,
lichen_planus_P013,lichen planus,lab,1,band-like dermal lymphocytic infiltrate,"Histopathology: Histopathological examination is crucial for diagnosing LP. Key features include a band-like lymphocytic infiltrate in the dermis, hyperkeratosis, and saw-tooth rete ridges.",16-005,,,,,,
lichen_planus_P014,lichen planus,lab,1,hyperkeratosis,"Histopathology: Histopathological examination is crucial for diagnosing LP. Key features include a band-like lymphocytic infiltrate in the dermis, hyperkeratosis, and saw-tooth rete ridges.",16-005,,,,,,
lichen_planus_P015,lichen planus,lab,1,saw-tooth rete ridges,"Histopathology: Histopathological examination is crucial for diagnosing LP. Key features include a band-like lymphocytic infiltrate in the dermis, hyperkeratosis, and saw-tooth rete ridges.",16-005,,,,,,
lichen_planus_P016,lichen planus,lab,1,IgM and C3 deposits at the dermo-epidermal junction,Direct Immunofluorescence: This test can help differentiate LP from other lichenoid lesions. It typically shows IgM and C3 deposits at the dermo-epidermal junction.,16-006,,,,,,
lichen_planus_P017,lichen planus,location,1,"lesions on the buccal mucosa, tongue and gingiva","Oral Mucosa: Common sites of involvement include the buccal mucosa, tongue, and gingiva. Lesions can appear as white, lacy, reticular patterns (Wickham striae), erythematous areas, or erosive ulcers.",16-008,,,,,,
lichen_planus_P018,lichen planus,morphology,1,white lacy reticular oral lesions (Wickham striae),"OLP is more prevalent in middle-aged females and can present in various forms, including reticular, papular, plaque-like, erosive, atrophic, and bullous. || Oral lichen planus is more common in middle-aged females and can present as reticular, erosive, atrophic, or bullous lesions. || Oral Mucosa: Common sites of involvement include the buccal mucosa, tongue, and gingiva. Lesions can appear as white, lacy, reticular patterns (Wickham striae), erythematous areas, or erosive ulcers. || Reticular Form: White, lacy, reticular patterns on the oral mucosa.",16-004;16-020;16-008;16-013,,,,,,
lichen_planus_P019,lichen planus,morphology,1,erythematous oral areas,"Oral Mucosa: Common sites of involvement include the buccal mucosa, tongue, and gingiva. Lesions can appear as white, lacy, reticular patterns (Wickham striae), erythematous areas, or erosive ulcers.",16-008,,,,,,
lichen_planus_P020,lichen planus,morphology,1,erosive oral ulcers,"Oral Mucosa: Common sites of involvement include the buccal mucosa, tongue, and gingiva. Lesions can appear as white, lacy, reticular patterns (Wickham striae), erythematous areas, or erosive ulcers.",16-008,,,,,,
lichen_planus_P021,lichen planus,symptom,1,pruritus,"Skin: Cutaneous LP typically presents as pruritic, polygonal, violaceous, flat-topped papules and plaques, often arranged in a linear pattern. || Symptoms: Patients often report pruritus, burning, and pain, especially in erosive forms. Sensitivity to spicy or acidic foods is common in OLP. || Symptoms such as pruritus, burning, and pain are common, and regular follow-up is essential due to the potential for malignant transformation.",16-009;16-012;16-021,,,,,,
lichen_planus_P022,lichen planus,morphology,1,polygonal violaceous flat-topped papules and plaques,"Skin: Cutaneous LP typically presents as pruritic, polygonal, violaceous, flat-topped papules and plaques, often arranged in a linear pattern.",16-009,,,,,,
lichen_planus_P023,lichen planus,location,1,linear lesion distribution,"Skin: Cutaneous LP typically presents as pruritic, polygonal, violaceous, flat-topped papules and plaques, often arranged in a linear pattern.",16-009,,,,,,
lichen_planus_P024,lichen planus,morphology,1,longitudinal nail ridging,"Nails: Nail involvement can lead to longitudinal ridging, thinning, and in severe cases, nail loss.",16-010,,,,,,
lichen_planus_P025,lichen planus,morphology,1,nail thinning,"Nails: Nail involvement can lead to longitudinal ridging, thinning, and in severe cases, nail loss.",16-010,,,,,,
lichen_planus_P026,lichen planus,morphology,1,nail loss,"Nails: Nail involvement can lead to longitudinal ridging, thinning, and in severe cases, nail loss.",16-010,,,,,,
lichen_planus_P027,lichen planus,location,1,genital mucosal involvement,"Genital Mucosa: Genital involvement can cause erosive lesions, leading to pain and discomfort.",16-011,,,,,,
lichen_planus_P028,lichen planus,morphology,1,erosive genital lesions,"Genital Mucosa: Genital involvement can cause erosive lesions, leading to pain and discomfort.",16-011,,,,,,
lichen_planus_P029,lichen planus,symptom,1,pain and discomfort,"Genital Mucosa: Genital involvement can cause erosive lesions, leading to pain and discomfort. || Symptoms: Patients often report pruritus, burning, and pain, especially in erosive forms. Sensitivity to spicy or acidic foods is common in OLP. || Erosive Form: Erythematous, painful ulcers with a white border. || Symptoms such as pruritus, burning, and pain are common, and regular follow-up is essential due to the potential for malignant transformation.",16-011;16-012;16-014;16-021,,,,,,
lichen_planus_P030,lichen planus,symptom,1,burning,"Symptoms: Patients often report pruritus, burning, and pain, especially in erosive forms. Sensitivity to spicy or acidic foods is common in OLP. || Symptoms such as pruritus, burning, and pain are common, and regular follow-up is essential due to the potential for malignant transformation.",16-012;16-021,,,,,,
lichen_planus_P031,lichen planus,symptom,1,sensitivity to spicy or acidic foods,"Symptoms: Patients often report pruritus, burning, and pain, especially in erosive forms. Sensitivity to spicy or acidic foods is common in OLP.",16-012,,,,,,
lichen_planus_P032,lichen planus,morphology,1,erythematous ulcers with a white border,"Erosive Form: Erythematous, painful ulcers with a white border.",16-014,,,,,,
lichen_planus_P033,lichen planus,morphology,1,thin atrophic smooth shiny mucosa,"Atrophic Form: Thin, atrophic mucosa with a smooth, shiny appearance.",16-015,,,,,,
lichen_planus_P034,lichen planus,morphology,1,vesicles and bullae on skin or mucosa,Bullous Form: Vesicles and bullae on the skin or mucosa.,16-016,,,,,,
lupus_erythematosus_P001,lupus erythematosus,history,1,chronic course,"Systemic lupus erythematosus (SLE) is a chronic, multisystem autoimmune disease characterized by the production of autoantibodies and immune complex deposition, leading to inflammation and damage in various organs.",17-001,,,,,,
lupus_erythematosus_P002,lupus erythematosus,lab,1,autoantibodies,"Systemic lupus erythematosus (SLE) is a chronic, multisystem autoimmune disease characterized by the production of autoantibodies and immune complex deposition, leading to inflammation and damage in various organs.",17-001,,,,,,
lupus_erythematosus_P003,lupus erythematosus,lab,1,immune complex deposition,"Systemic lupus erythematosus (SLE) is a chronic, multisystem autoimmune disease characterized by the production of autoantibodies and immune complex deposition, leading to inflammation and damage in various organs.",17-001,,,,,,
lupus_erythematosus_P004,lupus erythematosus,location,1,multisystem organ inflammation and damage,"Systemic lupus erythematosus (SLE) is a chronic, multisystem autoimmune disease characterized by the production of autoantibodies and immune complex deposition, leading to inflammation and damage in various organs.",17-001,,,,,,
lupus_erythematosus_P005,lupus erythematosus,location,1,"involvement of the skin, joints, kidneys and brain","SLE can affect the skin, joints, kidneys, brain, and other organs.",17-002,,,,,,
lupus_erythematosus_P006,lupus erythematosus,lab,1,positive antinuclear antibodies (ANA),"Antinuclear Antibodies (ANA): A positive ANA titer (≥1:80) is an obligatory entry criterion for SLE classification. ANA is present in almost all SLE patients. || Key diagnostic features include positive antinuclear antibodies (ANA), anti-double-stranded DNA (anti-dsDNA) antibodies, low complement levels, and specific clinical findings such as malar rash, arthritis, and renal involvement.",17-004;17-033,,,,,,
lupus_erythematosus_P007,lupus erythematosus,lab,1,anti-double-stranded DNA antibodies,"Anti-double-stranded DNA (anti-dsDNA) Antibodies: High levels of anti-dsDNA antibodies are strongly associated with SLE and are often used to confirm the diagnosis. || Key diagnostic features include positive antinuclear antibodies (ANA), anti-double-stranded DNA (anti-dsDNA) antibodies, low complement levels, and specific clinical findings such as malar rash, arthritis, and renal involvement.",17-005;17-033,,,,,,
lupus_erythematosus_P008,lupus erythematosus,lab,1,low complement levels,"Complement Levels (C3 and C4): Low levels of complement proteins C3 and C4 are common in active SLE and indicate ongoing immune complex-mediated inflammation. || Key diagnostic features include positive antinuclear antibodies (ANA), anti-double-stranded DNA (anti-dsDNA) antibodies, low complement levels, and specific clinical findings such as malar rash, arthritis, and renal involvement.",17-006;17-033,,,,,,
lupus_erythematosus_P009,lupus erythematosus,lab,1,elevated erythrocyte sedimentation rate,Erythrocyte Sedimentation Rate (ESR) and C-Reactive Protein (CRP): Elevated ESR and CRP levels can indicate active inflammation.,17-007,,,,,,
lupus_erythematosus_P010,lupus erythematosus,lab,1,elevated C-reactive protein,Erythrocyte Sedimentation Rate (ESR) and C-Reactive Protein (CRP): Elevated ESR and CRP levels can indicate active inflammation.,17-007,,,,,,
lupus_erythematosus_P011,lupus erythematosus,lab,1,leukopenia,White Blood Cell Count (WBC): Leukopenia (low WBC) is common in SLE and can be a sign of active disease. || Leukopenia: Low white blood cell count.,17-008;17-021,,,,,,
lupus_erythematosus_P012,lupus erythematosus,lab,1,thrombocytopenia,Platelet Count: Thrombocytopenia (low platelet count) is another common finding in SLE. || Thrombocytopenia: Low platelet count.,17-009;17-022,,,,,,
lupus_erythematosus_P013,lupus erythematosus,morphology,1,butterfly rash over the cheeks and nose,"Malar Rash: A characteristic ""butterfly"" rash over the cheeks and nose. || Key diagnostic features include positive antinuclear antibodies (ANA), anti-double-stranded DNA (anti-dsDNA) antibodies, low complement levels, and specific clinical findings such as malar rash, arthritis, and renal involvement.",17-010;17-033,,,,,,
lupus_erythematosus_P014,lupus erythematosus,morphology,1,raised scaly patches,"Discoid Lesions: Raised, scaly patches on the skin, often leading to scarring.",17-011,,,,,,
lupus_erythematosus_P015,lupus erythematosus,morphology,1,scarring,"Discoid Lesions: Raised, scaly patches on the skin, often leading to scarring.",17-011,,,,,,
lupus_erythematosus_P016,lupus erythematosus,history,1,sunlight-induced skin rashes,"Photosensitivity: Increased sensitivity to sunlight, leading to skin rashes.",17-012,,,,,,
lupus_erythematosus_P017,lupus erythematosus,location,1,symmetric involvement of multiple joints,"Arthritis: Inflammation of multiple joints, often symmetric.",17-013,,,,,,
lupus_erythematosus_P018,lupus erythematosus,symptom,1,joint pain,Arthralgia: Joint pain without swelling.,17-014,,,,,,
lupus_erythematosus_P019,lupus erythematosus,symptom,-1,joint swelling,Arthralgia: Joint pain without swelling.,17-014,INFO:NEGATIVE_POLARITY,,,,,
lupus_erythematosus_P020,lupus erythematosus,location,1,kidney inflammation,"Lupus Nephritis: Inflammation of the kidneys, which can lead to proteinuria, hematuria, and renal failure. || Key diagnostic features include positive antinuclear antibodies (ANA), anti-double-stranded DNA (anti-dsDNA) antibodies, low complement levels, and specific clinical findings such as malar rash, arthritis, and renal involvement.",17-015;17-033,,,,,,
lupus_erythematosus_P021,lupus erythematosus,lab,1,proteinuria,"Lupus Nephritis: Inflammation of the kidneys, which can lead to proteinuria, hematuria, and renal failure.",17-015,,,,,,
lupus_erythematosus_P022,lupus erythematosus,lab,1,hematuria,"Lupus Nephritis: Inflammation of the kidneys, which can lead to proteinuria, hematuria, and renal failure.",17-015,,,,,,
lupus_erythematosus_P023,lupus erythematosus,location,1,pericardial inflammation,Pericarditis: Inflammation of the lining around the heart.,17-016,,,,,,
lupus_erythematosus_P024,lupus erythematosus,location,1,pleural inflammation,Pleuritis: Inflammation of the lining around the lungs.,17-017,,,,,,
lupus_erythematosus_P025,lupus erythematosus,symptom,1,"memory loss, confusion and difficulty concentrating","Cognitive Impairment: Memory loss, confusion, and difficulty concentrating.",17-018,,,,,,
lupus_erythematosus_P026,lupus erythematosus,symptom,1,seizures,Seizures: Occasional seizures can occur in severe cases.,17-019,,,,,,
lupus_erythematosus_P027,lupus erythematosus,lab,1,anemia,Anemia: Low red blood cell count.,17-020,,,,,,
lupus_erythematosus_P028,lupus erythematosus,lab,1,pleural effusion,Pleural Effusion: Fluid accumulation around the lungs.,17-023,,,,,,
lupus_erythematosus_P029,lupus erythematosus,location,1,inflammation and scarring of lung tissue,Interstitial Lung Disease: Inflammation and scarring of lung tissue.,17-024,,,,,,
lupus_erythematosus_P030,lupus erythematosus,symptom,1,persistent unexplained fatigue,Fatigue: Persistent and unexplained fatigue is a common symptom.,17-025,,,,,,
lupus_erythematosus_P031,lupus erythematosus,symptom,1,low-grade fever during flares,Fever: Low-grade fever is often present during disease flares.,17-026,,,,,,
lupus_erythematosus_P032,lupus erythematosus,morphology,1,painful sores in the mouth or nose,Oral Ulcers: Painful sores in the mouth or nose.,17-027,,,,,,
lupus_erythematosus_P033,lupus erythematosus,morphology,1,alopecia,Hair Loss: Alopecia can occur due to inflammation.,17-028,,,,,,
lupus_erythematosus_P034,lupus erythematosus,history,1,cold-induced color changes in the fingers and toes,"Raynaud's Phenomenon: Cold-induced spasms of small blood vessels, leading to color changes in the fingers and toes.",17-029,,,,,,
lupus_erythematosus_P035,lupus erythematosus,location,1,swollen lymph nodes,Lymphadenopathy: Swollen lymph nodes.,17-030,,,,,,
lupus_erythematosus_P036,lupus erythematosus,location,1,inflammation of the pericardium or pleura,"Serositis: Inflammation of the serous membranes, such as the pericardium or pleura.",17-031,,,,,,
lupus_erythematosus_P037,lupus erythematosus,location,1,arthritis,"Key diagnostic features include positive antinuclear antibodies (ANA), anti-double-stranded DNA (anti-dsDNA) antibodies, low complement levels, and specific clinical findings such as malar rash, arthritis, and renal involvement.",17-033,,,,,,
lupus_subacute_P001,lupus subacute,morphology,-1,scarring,"Subacute Cutaneous Lupus Erythematosus (SCLE) is a distinct subset of lupus erythematosus characterized by non-scarring, photosensitive skin lesions. || Hypopigmentation or Telangiectasia: May occur but usually resolve without scarring. || Subacute Cutaneous Lupus Erythematosus (SCLE) is a distinct form of lupus erythematosus characterized by non-scarring, photosensitive skin lesions.",18-001;18-011;18-021,INFO:NEGATIVE_POLARITY,,,,,
lupus_subacute_P002,lupus subacute,history,1,photosensitivity,"Subacute Cutaneous Lupus Erythematosus (SCLE) is a distinct subset of lupus erythematosus characterized by non-scarring, photosensitive skin lesions. || Photosensitivity: Lesions typically appear in sun-exposed areas such as the neckline, forearms, and upper back, but not the face. || Photosensitivity: A hallmark feature of SCLE. || Subacute Cutaneous Lupus Erythematosus (SCLE) is a distinct form of lupus erythematosus characterized by non-scarring, photosensitive skin lesions.",18-001;18-010;18-017;18-021,,,,,,
lupus_subacute_P003,lupus subacute,history,1,white women aged 15 to 40 years,It primarily affects white women aged 15 to 40 and is often associated with mild systemic involvement.,18-002,,,,,,
lupus_subacute_P004,lupus subacute,history,1,mild systemic involvement,"It primarily affects white women aged 15 to 40 and is often associated with mild systemic involvement. || The disease is often associated with mild systemic involvement, including musculoskeletal symptoms, but rarely involves severe organ damage.",18-002;18-023,,,,,,
lupus_subacute_P005,lupus subacute,history,1,sun-sensitizing medications as a trigger,SCLE can be triggered by sun-sensitizing medications and is frequently linked to autoimmune disorders such as rheumatoid arthritis and Sjögren's syndrome.,18-003,,,,,,
lupus_subacute_P006,lupus subacute,history,1,rheumatoid arthritis,SCLE can be triggered by sun-sensitizing medications and is frequently linked to autoimmune disorders such as rheumatoid arthritis and Sjögren's syndrome.,18-003,,,,,,
lupus_subacute_P007,lupus subacute,history,1,Sjögren's syndrome,SCLE can be triggered by sun-sensitizing medications and is frequently linked to autoimmune disorders such as rheumatoid arthritis and Sjögren's syndrome.,18-003,,,,,,
lupus_subacute_P008,lupus subacute,lab,1,anti-Ro (SS-A) antibodies,"Anti-Ro (SS-A) Antibodies: Highly associated with SCLE and act as a marker for the disease. || Key diagnostic features include the presence of anti-Ro (SS-A) antibodies, positive ANA, and a characteristic skin rash that appears in sun-exposed areas.",18-004;18-022,,,,,,
lupus_subacute_P009,lupus subacute,lab,1,antinuclear antibody positivity,"ANA (Antinuclear Antibodies): Often positive in SCLE patients. || Key diagnostic features include the presence of anti-Ro (SS-A) antibodies, positive ANA, and a characteristic skin rash that appears in sun-exposed areas.",18-005;18-022,,,,,,
lupus_subacute_P010,lupus subacute,lab,-1,anti-dsDNA antibody positivity,Anti-dsDNA Antibodies: Usually not detected in SCLE.,18-006,INFO:NEGATIVE_POLARITY,,,,,
lupus_subacute_P011,lupus subacute,lab,1,HLA-DR3,"HLA-DR3: Found in a significant proportion of SCLE patients, particularly in the annular form.",18-007,,,,,,
lupus_subacute_P012,lupus subacute,morphology,1,annular lesions with raised red borders and central clearing,"HLA-DR3: Found in a significant proportion of SCLE patients, particularly in the annular form. || Annular Lesions: Ring-shaped with raised red borders and central clearing.",18-007;18-008,,,,,,
lupus_subacute_P013,lupus subacute,morphology,1,scaly plaques,"Papulosquamous Lesions: Scaly, psoriasiform plaques.",18-009,,,,,,
lupus_subacute_P014,lupus subacute,location,1,"lesions on the neckline, forearms and upper back","Photosensitivity: Lesions typically appear in sun-exposed areas such as the neckline, forearms, and upper back, but not the face.",18-010,,,,,,
lupus_subacute_P015,lupus subacute,location,-1,lesions on the face,"Photosensitivity: Lesions typically appear in sun-exposed areas such as the neckline, forearms, and upper back, but not the face.",18-010,INFO:NEGATIVE_POLARITY,,,,,
lupus_subacute_P016,lupus subacute,morphology,1,hypopigmentation,Hypopigmentation or Telangiectasia: May occur but usually resolve without scarring.,18-011,,,,,,
lupus_subacute_P017,lupus subacute,morphology,1,telangiectasia,Hypopigmentation or Telangiectasia: May occur but usually resolve without scarring.,18-011,WARN:OTHER_LABEL_NAME(telangiectases:telangiectasia),,,,,
lupus_subacute_P018,lupus subacute,symptom,1,arthritis,"Arthritis and Arthralgia: Common but usually mild. || Mild Systemic Symptoms: Arthritis, arthralgia, fever, and myalgia are common but usually not severe.",18-012;18-018,,,,,,
lupus_subacute_P019,lupus subacute,symptom,1,arthralgia,"Arthritis and Arthralgia: Common but usually mild. || Mild Systemic Symptoms: Arthritis, arthralgia, fever, and myalgia are common but usually not severe.",18-012;18-018,,,,,,
lupus_subacute_P020,lupus subacute,symptom,1,myalgia,"Myalgia: Muscle pain may be present. || Mild Systemic Symptoms: Arthritis, arthralgia, fever, and myalgia are common but usually not severe.",18-013;18-018,,,,,,
lupus_subacute_P021,lupus subacute,history,1,mild disease course,Mild to Moderate: Most patients have a relatively mild disease course with musculoskeletal complaints and serologic abnormalities.,18-014,,,,,,
lupus_subacute_P022,lupus subacute,symptom,1,musculoskeletal complaints,"Mild to Moderate: Most patients have a relatively mild disease course with musculoskeletal complaints and serologic abnormalities. || The disease is often associated with mild systemic involvement, including musculoskeletal symptoms, but rarely involves severe organ damage.",18-014;18-023,,,,,,
lupus_subacute_P023,lupus subacute,lab,1,serologic abnormalities,Mild to Moderate: Most patients have a relatively mild disease course with musculoskeletal complaints and serologic abnormalities.,18-014,,,,,,
lupus_subacute_P024,lupus subacute,location,1,renal involvement,"Renal Involvement: Rare, but can occur in a small percentage of patients. || Lack of Severe Organ Involvement: Unlike severe systemic lupus erythematosus (SLE), SCLE rarely involves the central nervous system or kidneys.",18-015;18-019,,delete,,,,nguon: rare; mau thuan P027
lupus_subacute_P025,lupus subacute,location,1,neurological involvement,"Neurological Involvement: Rare, but possible.",18-016,,delete,,,,nguon: rare; mau thuan P027
lupus_subacute_P026,lupus subacute,symptom,1,fever,"Mild Systemic Symptoms: Arthritis, arthralgia, fever, and myalgia are common but usually not severe.",18-018,,,,,,
lupus_subacute_P027,lupus subacute,location,-1,severe organ involvement,"Lack of Severe Organ Involvement: Unlike severe systemic lupus erythematosus (SLE), SCLE rarely involves the central nervous system or kidneys.",18-019,INFO:NEGATIVE_POLARITY,,,,,
lupus_subacute_P028,lupus subacute,location,1,central nervous system involvement,"Lack of Severe Organ Involvement: Unlike severe systemic lupus erythematosus (SLE), SCLE rarely involves the central nervous system or kidneys.",18-019,,delete,,,,nguon: rarely involves CNS; mau thuan P027
lupus_subacute_P029,lupus subacute,lab,1,interface dermatitis,"Histopathology: Characterized by interface dermatitis, vacuolation of the basal layer, and perivascular and perifollicular infiltrates of inflammatory cells.",18-020,,,,,,
lupus_subacute_P030,lupus subacute,lab,1,vacuolation of the basal layer,"Histopathology: Characterized by interface dermatitis, vacuolation of the basal layer, and perivascular and perifollicular infiltrates of inflammatory cells.",18-020,,,,,,
lupus_subacute_P031,lupus subacute,lab,1,perivascular and perifollicular inflammatory infiltrates,"Histopathology: Characterized by interface dermatitis, vacuolation of the basal layer, and perivascular and perifollicular infiltrates of inflammatory cells.",18-020,,,,,,
lupus_subacute_P032,lupus subacute,location,1,lesions in sun-exposed areas,"Key diagnostic features include the presence of anti-Ro (SS-A) antibodies, positive ANA, and a characteristic skin rash that appears in sun-exposed areas.",18-022,,,,,,
lupus_subacute_P033,lupus subacute,location,1,severe organ damage,"The disease is often associated with mild systemic involvement, including musculoskeletal symptoms, but rarely involves severe organ damage.",18-023,,delete,,,,nguon: rarely severe organ damage; mau thuan P027
lyme_disease_P001,lyme disease,lab,1,Borrelia burgdorferi infection,"Lyme disease, also known as Lyme borreliosis, is a tick-borne illness caused by the spirochete bacterium Borrelia burgdorferi.",19-001,,,,,,
lyme_disease_P002,lyme disease,history,1,tick-borne transmission,"Lyme disease, also known as Lyme borreliosis, is a tick-borne illness caused by the spirochete bacterium Borrelia burgdorferi.",19-001,,,,,,
lyme_disease_P003,lyme disease,location,1,"involvement of the skin, joints, heart and nervous system","The disease can present with a wide range of symptoms and can affect multiple systems, including the skin, joints, heart, and nervous system.",19-003,,,,,,
lyme_disease_P004,lyme disease,morphology,1,"bull's-eye rash with central red spot, central clearing and outer red ring","Erythema Migrans (EM): A characteristic rash that appears at the site of the tick bite, typically 3 to 30 days after the bite. The rash is often described as a ""bull's-eye"" with a central red spot surrounded by a clear area and a larger red ring. || Physical Examination: Look for the characteristic EM rash, neurological deficits, and joint inflammation. || The characteristic EM rash and flu-like symptoms in the early stage, followed by neurological, cardiac, and musculoskeletal manifestations in later stages, are key indicators.",19-004;19-021;19-025,,,,,,
lyme_disease_P005,lyme disease,location,1,rash at the tick bite site,"Erythema Migrans (EM): A characteristic rash that appears at the site of the tick bite, typically 3 to 30 days after the bite. The rash is often described as a ""bull's-eye"" with a central red spot surrounded by a clear area and a larger red ring.",19-004,,,,,,
lyme_disease_P006,lyme disease,history,1,rash onset 3 to 30 days after a tick bite,"Erythema Migrans (EM): A characteristic rash that appears at the site of the tick bite, typically 3 to 30 days after the bite. The rash is often described as a ""bull's-eye"" with a central red spot surrounded by a clear area and a larger red ring.",19-004,,,,,,
lyme_disease_P007,lyme disease,symptom,1,fever,"Flu-like Symptoms: Fever, chills, fatigue, headache, muscle and joint aches, and swollen lymph nodes.",19-005,,,,,,
lyme_disease_P008,lyme disease,symptom,1,chills,"Flu-like Symptoms: Fever, chills, fatigue, headache, muscle and joint aches, and swollen lymph nodes.",19-005,,,,,,
lyme_disease_P009,lyme disease,symptom,1,fatigue,"Flu-like Symptoms: Fever, chills, fatigue, headache, muscle and joint aches, and swollen lymph nodes.",19-005,,,,,,
lyme_disease_P010,lyme disease,symptom,1,headache,"Flu-like Symptoms: Fever, chills, fatigue, headache, muscle and joint aches, and swollen lymph nodes.",19-005,,,,,,
lyme_disease_P011,lyme disease,symptom,1,muscle and joint aches,"Flu-like Symptoms: Fever, chills, fatigue, headache, muscle and joint aches, and swollen lymph nodes.",19-005,,,,,,
lyme_disease_P012,lyme disease,symptom,1,swollen lymph nodes,"Flu-like Symptoms: Fever, chills, fatigue, headache, muscle and joint aches, and swollen lymph nodes.",19-005,,,,,,
lyme_disease_P013,lyme disease,symptom,1,facial palsy,"Neurological Symptoms: Facial palsy (Bell's palsy), meningitis, radiculopathy, and encephalitis.",19-006,,,,,,
lyme_disease_P014,lyme disease,symptom,1,meningitis,"Neurological Symptoms: Facial palsy (Bell's palsy), meningitis, radiculopathy, and encephalitis.",19-006,,,,,,
lyme_disease_P015,lyme disease,symptom,1,radiculopathy,"Neurological Symptoms: Facial palsy (Bell's palsy), meningitis, radiculopathy, and encephalitis.",19-006,,,,,,
lyme_disease_P016,lyme disease,symptom,1,encephalitis,"Neurological Symptoms: Facial palsy (Bell's palsy), meningitis, radiculopathy, and encephalitis.",19-006,,,,,,
lyme_disease_P017,lyme disease,lab,1,heart block,"Cardiac Symptoms: Heart block, myocarditis. || ECG: May show heart block or other cardiac abnormalities in cases of Lyme carditis.",19-007;19-018,,,,,,
lyme_disease_P018,lyme disease,symptom,1,myocarditis,"Cardiac Symptoms: Heart block, myocarditis.",19-007,,,,,,
lyme_disease_P019,lyme disease,symptom,1,migratory joint pain and swelling,Musculoskeletal Symptoms: Migratory joint pain and swelling.,19-008,,,,,,
lyme_disease_P020,lyme disease,symptom,1,chronic joint inflammation,"Arthritis: Chronic joint inflammation, particularly in the knees.",19-009,,,,,,
lyme_disease_P021,lyme disease,location,1,knee involvement,"Arthritis: Chronic joint inflammation, particularly in the knees.",19-009,,,,,,
lyme_disease_P022,lyme disease,symptom,1,chronic neuropathy,"Neurological Symptoms: Chronic neuropathy, cognitive dysfunction, and mood disorders.",19-010,,,,,,
lyme_disease_P023,lyme disease,symptom,1,cognitive dysfunction,"Neurological Symptoms: Chronic neuropathy, cognitive dysfunction, and mood disorders.",19-010,,,,,,
lyme_disease_P024,lyme disease,symptom,1,mood disorders,"Neurological Symptoms: Chronic neuropathy, cognitive dysfunction, and mood disorders.",19-010,,,,,,
lyme_disease_P025,lyme disease,morphology,1,acrodermatitis chronica atrophicans,"Skin Lesions: Acrodermatitis chronica atrophicans (ACA), a chronic skin condition.",19-011,,,,,,
lyme_disease_P026,lyme disease,lab,1,"Borrelia burgdorferi DNA in cerebrospinal fluid, synovial fluid or skin biopsy","PCR (Polymerase Chain Reaction): Can detect B. burgdorferi DNA in cerebrospinal fluid, synovial fluid, or skin biopsies, but is not routinely used due to low sensitivity.",19-016,,,,,,
lyme_disease_P027,lyme disease,lab,1,brain and spinal cord abnormalities on MRI,MRI: Can show abnormalities in the brain and spinal cord in cases of neuroborreliosis.,19-017,,,,,,
lyme_disease_P028,lyme disease,lab,1,cardiac abnormalities on ECG,ECG: May show heart block or other cardiac abnormalities in cases of Lyme carditis.,19-018,,,,,,
lyme_disease_P029,lyme disease,lab,1,synovial fluid inflammation,Joint Aspiration: Synovial fluid analysis can show inflammation and may detect B. burgdorferi DNA.,19-019,,,,,,
lyme_disease_P030,lyme disease,lab,1,Borrelia burgdorferi DNA in synovial fluid,Joint Aspiration: Synovial fluid analysis can show inflammation and may detect B. burgdorferi DNA.,19-019,,,,,,
lyme_disease_P031,lyme disease,history,1,tick exposure,"Epidemiological History: History of tick exposure, travel to endemic areas, and presence of a tick bite.",19-020,,,,,,
lyme_disease_P032,lyme disease,history,1,travel to endemic areas,"Epidemiological History: History of tick exposure, travel to endemic areas, and presence of a tick bite.",19-020,,,,,,
lyme_disease_P033,lyme disease,history,1,tick bite,"Epidemiological History: History of tick exposure, travel to endemic areas, and presence of a tick bite.",19-020,,,,,,
lyme_disease_P034,lyme disease,symptom,1,neurological deficits,"Physical Examination: Look for the characteristic EM rash, neurological deficits, and joint inflammation.",19-021,,,,,,
lyme_disease_P035,lyme disease,symptom,1,joint inflammation,"Physical Examination: Look for the characteristic EM rash, neurological deficits, and joint inflammation.",19-021,,,,,,
lyme_disease_P036,lyme disease,symptom,1,flu-like symptoms,"The characteristic EM rash and flu-like symptoms in the early stage, followed by neurological, cardiac, and musculoskeletal manifestations in later stages, are key indicators.",19-025,,,,,,
lyme_disease_P037,lyme disease,symptom,1,neurological manifestations,"The characteristic EM rash and flu-like symptoms in the early stage, followed by neurological, cardiac, and musculoskeletal manifestations in later stages, are key indicators.",19-025,,,,,,
lyme_disease_P038,lyme disease,symptom,1,cardiac manifestations,"The characteristic EM rash and flu-like symptoms in the early stage, followed by neurological, cardiac, and musculoskeletal manifestations in later stages, are key indicators.",19-025,,,,,,
lyme_disease_P039,lyme disease,symptom,1,musculoskeletal manifestations,"The characteristic EM rash and flu-like symptoms in the early stage, followed by neurological, cardiac, and musculoskeletal manifestations in later stages, are key indicators.",19-025,,,,,,
melanocytic_nevi_P001,melanocytic-nevi,lab,1,benign melanocytic proliferation,"Melanocytic nevi, commonly known as moles, are benign proliferations of melanocytes, the cells that produce melanin. || While most nevi are benign, they can sometimes mimic melanoma and are important in identifying individuals at higher risk for developing melanoma. || Melanocytic nevi are benign proliferations of melanocytes that can be congenital or acquired.",20-001;20-003;20-020,,,,,,
melanocytic_nevi_P002,melanocytic-nevi,history,1,congenital onset,They can be congenital (present at birth) or acquired (developing later in life). || Melanocytic nevi are benign proliferations of melanocytes that can be congenital or acquired.,20-002;20-020,,,,,,
melanocytic_nevi_P003,melanocytic-nevi,history,1,acquired onset later in life,They can be congenital (present at birth) or acquired (developing later in life). || Melanocytic nevi are benign proliferations of melanocytes that can be congenital or acquired.,20-002;20-020,,,,,,
melanocytic_nevi_P004,melanocytic-nevi,lab,1,BRAF mutation,"Genetic Mutations: Acquired melanocytic nevi often harbor oncogenic mutations in BRAF, while congenital melanocytic nevi and blue nevi frequently harbor NRAS mutations. Spitz nevi may exhibit HRAS and kinase rearrangements.",20-004,,,,,,
melanocytic_nevi_P005,melanocytic-nevi,lab,1,NRAS mutation,"Genetic Mutations: Acquired melanocytic nevi often harbor oncogenic mutations in BRAF, while congenital melanocytic nevi and blue nevi frequently harbor NRAS mutations. Spitz nevi may exhibit HRAS and kinase rearrangements.",20-004,,,,,,
melanocytic_nevi_P006,melanocytic-nevi,lab,1,HRAS mutation,"Genetic Mutations: Acquired melanocytic nevi often harbor oncogenic mutations in BRAF, while congenital melanocytic nevi and blue nevi frequently harbor NRAS mutations. Spitz nevi may exhibit HRAS and kinase rearrangements.",20-004,,,,,,
melanocytic_nevi_P007,melanocytic-nevi,lab,1,kinase rearrangement,"Genetic Mutations: Acquired melanocytic nevi often harbor oncogenic mutations in BRAF, while congenital melanocytic nevi and blue nevi frequently harbor NRAS mutations. Spitz nevi may exhibit HRAS and kinase rearrangements.",20-004,,,,,,
melanocytic_nevi_P008,melanocytic-nevi,lab,1,dermal melanocytic cells,"Histopathology: Histologic examination can help differentiate between benign nevi and melanoma. Key features include the presence of nevus cells in the dermis, their arrangement, and the degree of atypia.",20-005,,,,,,
melanocytic_nevi_P009,melanocytic-nevi,lab,1,arrangement of dermal melanocytic cells,"Histopathology: Histologic examination can help differentiate between benign nevi and melanoma. Key features include the presence of nevus cells in the dermis, their arrangement, and the degree of atypia.",20-005,,,,,,
melanocytic_nevi_P010,melanocytic-nevi,lab,1,degree of cytologic atypia,"Histopathology: Histologic examination can help differentiate between benign nevi and melanoma. Key features include the presence of nevus cells in the dermis, their arrangement, and the degree of atypia.",20-005,,,,,,
melanocytic_nevi_P011,melanocytic-nevi,morphology,1,lesion size,Size: CMN are classified based on size:,20-006,,,,,,
melanocytic_nevi_P012,melanocytic-nevi,morphology,1,lesion diameter less than 1.5 cm,Small: <1.5 cm,20-007,,,,,,
melanocytic_nevi_P013,melanocytic-nevi,morphology,1,lesion diameter of 1.5 to 20 cm,Medium: 1.5-20 cm,20-008,,,,,,
melanocytic_nevi_P014,melanocytic-nevi,morphology,1,lesion diameter greater than 20 cm,"Large: >20 cm || Appearance: Often larger, may have excess hair (hypertrichosis), and can vary in color and texture. || Dysplastic Nevi: These are atypical nevi that can be difficult to distinguish from melanoma. They often have irregular borders, varied colors, and are larger than common nevi.",20-009;20-010;20-016,,,,,,
melanocytic_nevi_P015,melanocytic-nevi,morphology,1,hypertrichosis,"Appearance: Often larger, may have excess hair (hypertrichosis), and can vary in color and texture.",20-010,,,,,,
melanocytic_nevi_P016,melanocytic-nevi,morphology,1,variable color and texture,"Appearance: Often larger, may have excess hair (hypertrichosis), and can vary in color and texture.",20-010,,,,,,
melanocytic_nevi_P017,melanocytic-nevi,location,1,lesions on the head and neck,"Location: Commonly found on the head and neck, but can occur anywhere on the body.",20-011,,,,,,
melanocytic_nevi_P018,melanocytic-nevi,location,1,lesions anywhere on the body,"Location: Commonly found on the head and neck, but can occur anywhere on the body.",20-011,,,,,,
melanocytic_nevi_P019,melanocytic-nevi,morphology,1,small dark flat or raised lesions,"Appearance: Typically small, dark spots that can be flat or raised.",20-013,,,,,,
melanocytic_nevi_P020,melanocytic-nevi,history,1,evolution from junctional to compound to intradermal growth pattern,Evolution: AMN evolve from junctional nevi to compound nevi and then to intradermal nevi. This process is characterized by changes in color and texture.,20-014,,,,,,
melanocytic_nevi_P021,melanocytic-nevi,morphology,1,changes in color and texture,Evolution: AMN evolve from junctional nevi to compound nevi and then to intradermal nevi. This process is characterized by changes in color and texture.,20-014,,,,,,
melanocytic_nevi_P022,melanocytic-nevi,history,1,more than 50 acquired pigmented lesions,"Risk Factors: Individuals with more than 50 AMN, atypical AMN, a family history of melanoma, and excessive UV exposure are at higher risk for developing melanoma.",20-015,,,,,,
melanocytic_nevi_P023,melanocytic-nevi,morphology,1,atypical acquired pigmented lesions,"Risk Factors: Individuals with more than 50 AMN, atypical AMN, a family history of melanoma, and excessive UV exposure are at higher risk for developing melanoma.",20-015,,,,,,
melanocytic_nevi_P024,melanocytic-nevi,morphology,1,irregular lesion borders,"Dysplastic Nevi: These are atypical nevi that can be difficult to distinguish from melanoma. They often have irregular borders, varied colors, and are larger than common nevi.",20-016,,,,,,
melanocytic_nevi_P025,melanocytic-nevi,morphology,1,varied lesion colors,"Dysplastic Nevi: These are atypical nevi that can be difficult to distinguish from melanoma. They often have irregular borders, varied colors, and are larger than common nevi.",20-016,,,,,,
melanocytic_nevi_P026,melanocytic-nevi,morphology,1,proliferative nodules,Proliferative Nodules: These can occur in CMN and may be a sign of increased risk for melanoma.,20-017,,,,,,
melanocytic_nevi_P027,melanocytic-nevi,location,1,melanocytic cells in the central nervous system,"Neurocutaneous Melanosis: A rare complication of CMN, characterized by the presence of melanocytes in the central nervous system, which can lead to neurological symptoms.",20-018,,,,,,
melanocytic_nevi_P028,melanocytic-nevi,symptom,1,neurological symptoms,"Neurocutaneous Melanosis: A rare complication of CMN, characterized by the presence of melanocytes in the central nervous system, which can lead to neurological symptoms.",20-018,,,,,,
melanoma_P001,melanoma,lab,1,malignant proliferation of melanocytes,"Melanoma is a malignant neoplasm of melanocytes, the pigment-producing cells in the skin.",21-001,,,,,,
melanoma_P002,melanoma,lab,1,BRAF V600E mutation,BRAF Mutation Testing: BRAF V600E mutations are common in melanomas and can guide targeted therapy.,21-005,,,,,,
melanoma_P003,melanoma,lab,1,elevated lactate dehydrogenase,Lactate Dehydrogenase (LDH): Elevated LDH levels can indicate advanced disease and poor prognosis.,21-006,,,,,,
melanoma_P004,melanoma,lab,1,anemia,Complete Blood Count (CBC): May show anemia or thrombocytosis in advanced cases.,21-007,,,,,,
melanoma_P005,melanoma,lab,1,thrombocytosis,Complete Blood Count (CBC): May show anemia or thrombocytosis in advanced cases.,21-007,,,,,,
melanoma_P006,melanoma,lab,1,elevated C-reactive protein,C-Reactive Protein (CRP): Elevated CRP can indicate inflammation or advanced disease.,21-008,,,,,,
melanoma_P007,melanoma,morphology,1,asymmetric lesions,"Dermoscopy: Essential for early detection, dermoscopy can identify asymmetry, irregular borders, and color variations in skin lesions. || ABCDE Criteria: Asymmetry, Border irregularity, Color variation, Diameter >6 mm, and Evolving (changing in size, shape, or color).",21-009;21-014,,,,,,
melanoma_P008,melanoma,morphology,1,irregular lesion borders,"Dermoscopy: Essential for early detection, dermoscopy can identify asymmetry, irregular borders, and color variations in skin lesions. || ABCDE Criteria: Asymmetry, Border irregularity, Color variation, Diameter >6 mm, and Evolving (changing in size, shape, or color).",21-009;21-014,,,,,,
melanoma_P009,melanoma,morphology,1,color variation within lesions,"Dermoscopy: Essential for early detection, dermoscopy can identify asymmetry, irregular borders, and color variations in skin lesions. || ABCDE Criteria: Asymmetry, Border irregularity, Color variation, Diameter >6 mm, and Evolving (changing in size, shape, or color).",21-009;21-014,,,,,,
melanoma_P010,melanoma,location,1,regional lymph node involvement,Ultrasound: Used to assess lymph node involvement and guide sentinel lymph node biopsy.,21-010,,,,,,
melanoma_P011,melanoma,location,1,lung metastases,"Computed Tomography (CT): Helps in staging and detecting metastases, particularly in the lungs, liver, and brain.",21-011,,,,,,
melanoma_P012,melanoma,location,1,liver metastases,"Computed Tomography (CT): Helps in staging and detecting metastases, particularly in the lungs, liver, and brain.",21-011,,,,,,
melanoma_P013,melanoma,location,1,brain metastases,"Computed Tomography (CT): Helps in staging and detecting metastases, particularly in the lungs, liver, and brain. || Magnetic Resonance Imaging (MRI): Useful for detecting brain and soft tissue metastases.",21-011;21-012,,,,,,
melanoma_P014,melanoma,location,1,soft tissue metastases,Magnetic Resonance Imaging (MRI): Useful for detecting brain and soft tissue metastases.,21-012,,,,,,
melanoma_P015,melanoma,morphology,1,lesion diameter greater than 6 mm,"ABCDE Criteria: Asymmetry, Border irregularity, Color variation, Diameter >6 mm, and Evolving (changing in size, shape, or color).",21-014,,,,,,
melanoma_P016,melanoma,history,1,"change in lesion size, shape, or color","ABCDE Criteria: Asymmetry, Border irregularity, Color variation, Diameter >6 mm, and Evolving (changing in size, shape, or color).",21-014,,,,,,
melanoma_P017,melanoma,morphology,1,pigmented skin lesions,"Pigmented Lesions: Melanomas often present as new or changing pigmented lesions on the skin. || Clinical features such as pigmented lesions, itching, bleeding, and lymph node enlargement are also crucial for diagnosis.",21-015;21-023,,,,,,
melanoma_P018,melanoma,history,1,new or changing lesions,Pigmented Lesions: Melanomas often present as new or changing pigmented lesions on the skin.,21-015,,,,,,
melanoma_P019,melanoma,symptom,1,itching,"Itching or Bleeding: Lesions that itch, bleed, or do not heal can be indicative of melanoma. || Clinical features such as pigmented lesions, itching, bleeding, and lymph node enlargement are also crucial for diagnosis.",21-016;21-023,,,,,,
melanoma_P020,melanoma,morphology,1,lesion bleeding,"Itching or Bleeding: Lesions that itch, bleed, or do not heal can be indicative of melanoma. || Clinical features such as pigmented lesions, itching, bleeding, and lymph node enlargement are also crucial for diagnosis.",21-016;21-023,,,,,,
melanoma_P021,melanoma,history,1,failure of lesions to heal,"Itching or Bleeding: Lesions that itch, bleed, or do not heal can be indicative of melanoma.",21-016,,,,,,
melanoma_P022,melanoma,location,1,enlarged lymph nodes,"Lymph Node Enlargement: Enlarged lymph nodes can indicate regional metastasis. || Clinical features such as pigmented lesions, itching, bleeding, and lymph node enlargement are also crucial for diagnosis.",21-017;21-023,,,,,,
melanoma_P023,melanoma,history,1,significant sun exposure,"Sun Exposure History: History of significant sun exposure, sunburns, and tanning bed use increases the risk of melanoma.",21-018,,,,,,
melanoma_P024,melanoma,history,1,sunburns,"Sun Exposure History: History of significant sun exposure, sunburns, and tanning bed use increases the risk of melanoma.",21-018,,,,,,
melanoma_P025,melanoma,history,1,tanning bed use,"Sun Exposure History: History of significant sun exposure, sunburns, and tanning bed use increases the risk of melanoma.",21-018,,,,,,
melanoma_P026,melanoma,history,1,family history of cutaneous pigment-cell malignancy,Family History: A family history of melanoma increases the risk.,21-019,,,,,,
mycosis_fungoides_P001,mycosis fungoides,history,1,slow progressive course,"Mycosis fungoides (MF) is the most common type of primary cutaneous T-cell lymphoma, characterized by a slow, progressive course.",22-001,,,,,,
mycosis_fungoides_P002,mycosis fungoides,lab,1,lymphocytosis,Complete Blood Count (CBC): May show lymphocytosis or atypical lymphocytes.,22-004,,,,,,
mycosis_fungoides_P003,mycosis fungoides,lab,1,atypical lymphocytes,Complete Blood Count (CBC): May show lymphocytosis or atypical lymphocytes.,22-004,,,,,,
mycosis_fungoides_P004,mycosis fungoides,lab,1,clonal T-cell population,"Flow Cytometry and Immunohistochemistry: Essential for identifying T-cell clonality and specific T-cell markers (e.g., CD3, CD4, CD7). || T-cell Receptor Gene Rearrangement Analysis: Helps confirm the presence of a clonal T-cell population.",22-005;22-006,,,,,,
mycosis_fungoides_P005,mycosis fungoides,lab,1,"CD3, CD4 and CD7 T-cell markers","Flow Cytometry and Immunohistochemistry: Essential for identifying T-cell clonality and specific T-cell markers (e.g., CD3, CD4, CD7).",22-005,,,,,,
mycosis_fungoides_P006,mycosis fungoides,lab,1,elevated serum lactate dehydrogenase,Serum Lactate Dehydrogenase (LDH): Elevated levels may indicate advanced disease.,22-007,,,,,,
mycosis_fungoides_P007,mycosis fungoides,morphology,1,flat reddish wrinkled patches,"Patch Stage: Flat, reddish patches with a wrinkled appearance, often on non-sun-exposed areas.",22-008,,,,,,
mycosis_fungoides_P008,mycosis fungoides,location,1,lesions on non-sun-exposed areas,"Patch Stage: Flat, reddish patches with a wrinkled appearance, often on non-sun-exposed areas.",22-008,,,,,,
mycosis_fungoides_P009,mycosis fungoides,morphology,1,raised reddish-brown plaques,"Plaque Stage: Raised, reddish-brown lesions, which may appear greyish or silver in darker skin tones.",22-009,,,,,,
mycosis_fungoides_P010,mycosis fungoides,morphology,1,greyish or silver plaques in darker skin tones,"Plaque Stage: Raised, reddish-brown lesions, which may appear greyish or silver in darker skin tones.",22-009,,,,,,
mycosis_fungoides_P011,mycosis fungoides,morphology,1,large irregular tumors,"Tumor Stage: Large, irregular lumps that can develop from plaques or normal skin.",22-010,,,,,,
mycosis_fungoides_P012,mycosis fungoides,history,1,tumors developing from plaques or normal skin,"Tumor Stage: Large, irregular lumps that can develop from plaques or normal skin.",22-010,ERROR:NEGATION_WORD(normal),edit,tumors arising from plaques or uninvolved skin,,morphology,"ERROR: tu ""normal"""
mycosis_fungoides_P013,mycosis fungoides,morphology,1,widespread skin redness and scaling,"Erythroderma: Widespread redness and scaling of the skin, often associated with advanced disease.",22-011,,,,,,
mycosis_fungoides_P014,mycosis fungoides,location,1,enlarged lymph nodes,"Lymph Node Involvement: Enlarged lymph nodes, particularly in advanced stages.",22-012,,,,,,
mycosis_fungoides_P015,mycosis fungoides,morphology,1,"erythematous patches, plaques and tumors","It typically presents in three clinical stages: patch, plaque, and tumor. || Skin Lesions: Erythematous patches, plaques, and tumors are the primary clinical manifestations.",22-002;22-014,,,,,,
mycosis_fungoides_P016,mycosis fungoides,symptom,1,itching,"Pruritus: Itching is a common symptom, especially in early stages.",22-015,,,,,,
mycosis_fungoides_P017,mycosis fungoides,lab,1,atypical T-cells in the epidermis,Epidermotropism: Characteristic histopathological feature where atypical T-cells are found in the epidermis.,22-016,,,,,,
mycosis_fungoides_P018,mycosis fungoides,morphology,1,patchy hair loss in affected areas,Patchy Alopecia: Hair loss in affected areas.,22-017,,,,,,
mycosis_fungoides_P019,mycosis fungoides,morphology,1,keratotic plugs in hair follicles,"Follicular Plugging: Small, keratotic plugs in hair follicles.",22-018,,,,,,
mycosis_fungoides_P020,mycosis fungoides,morphology,1,hypopigmentation or hyperpigmentation,"Hypopigmentation or Hyperpigmentation: Changes in skin color, particularly in hypopigmented variants.",22-019,,,,,,
mycosis_fungoides_P021,mycosis fungoides,lab,1,granulomatous infiltrates,Granulomatous Infiltrates: Seen in granulomatous variants of MF.,22-020,,,,,,
mycosis_fungoides_P022,mycosis fungoides,location,1,skin-limited involvement,"Early Stages (IA-IIA): Limited to skin involvement, favorable prognosis.",22-025,,,,,,
mycosis_fungoides_P023,mycosis fungoides,location,1,lymph node involvement,"Advanced Stages (IIB-IVB): Involvement of lymph nodes, visceral organs, or blood, poor prognosis.",22-026,,,,,,
mycosis_fungoides_P024,mycosis fungoides,location,1,visceral organ involvement,"Advanced Stages (IIB-IVB): Involvement of lymph nodes, visceral organs, or blood, poor prognosis.",22-026,,,,,,
mycosis_fungoides_P025,mycosis fungoides,lab,1,blood involvement,"Advanced Stages (IIB-IVB): Involvement of lymph nodes, visceral organs, or blood, poor prognosis.",22-026,,,,,,
necrobiosis_lipoidica_P001,necrobiosis lipoidica,history,1,chronic course,"Necrobiosis lipoidica (NL) is a rare, chronic, granulomatous skin disorder characterized by collagen degeneration and granuloma formation. || Chronic Course: The disease is often chronic and recurrent, with a variable progression.",23-001;23-023,,,,,,
necrobiosis_lipoidica_P002,necrobiosis lipoidica,lab,1,collagen degeneration,"Necrobiosis lipoidica (NL) is a rare, chronic, granulomatous skin disorder characterized by collagen degeneration and granuloma formation. || Skin Biopsy: A biopsy is essential for confirming the diagnosis, as it shows characteristic histopathological features such as collagen degeneration, granuloma formation, and fat deposition. It helps differentiate NL from other conditions like granuloma annulare, necrobiotic xanthogranuloma, and sarcoidosis. || Diabetic Microangiopathy: The most common theory suggests that microangiopathic changes and immune complex deposition lead to collagen degeneration.",23-001;23-006;23-021,,,,,,
necrobiosis_lipoidica_P003,necrobiosis lipoidica,lab,1,granuloma formation,"Necrobiosis lipoidica (NL) is a rare, chronic, granulomatous skin disorder characterized by collagen degeneration and granuloma formation. || Skin Biopsy: A biopsy is essential for confirming the diagnosis, as it shows characteristic histopathological features such as collagen degeneration, granuloma formation, and fat deposition. It helps differentiate NL from other conditions like granuloma annulare, necrobiotic xanthogranuloma, and sarcoidosis.",23-001;23-006,,,,,,
necrobiosis_lipoidica_P004,necrobiosis lipoidica,history,1,diabetes mellitus,"It is often associated with diabetes mellitus, particularly type 1 diabetes, and affects approximately 0.3% to 1.2% of diabetic patients. || Diabetes Mellitus: While not a direct diagnostic test, the presence of diabetes mellitus is a significant risk factor. Blood glucose levels and HbA1c can help in identifying and monitoring diabetes.",23-002;23-005,,,,,,
necrobiosis_lipoidica_P005,necrobiosis lipoidica,history,1,type 1 diabetes mellitus,"It is often associated with diabetes mellitus, particularly type 1 diabetes, and affects approximately 0.3% to 1.2% of diabetic patients.",23-002,,,,,,
necrobiosis_lipoidica_P006,necrobiosis lipoidica,history,1,female sex,"The disease is more common in women (female-to-male ratio of 3:1) and typically presents on the lower extremities, especially the shins.",23-003,,,,,,
necrobiosis_lipoidica_P007,necrobiosis lipoidica,location,1,"lesions on the lower extremities, especially the shins","The disease is more common in women (female-to-male ratio of 3:1) and typically presents on the lower extremities, especially the shins. || Location: The lower extremities, particularly the shins, are the most common site of involvement. However, lesions can also appear on the upper extremities, face, trunk, and other atypical sites.",23-003;23-008,,,,,,
necrobiosis_lipoidica_P008,necrobiosis lipoidica,location,1,"lesions on the upper extremities, face, trunk, nipple or penis","However, it can also occur on other sites such as the upper extremities, face, trunk, and rarely, the nipple and penis. || Location: The lower extremities, particularly the shins, are the most common site of involvement. However, lesions can also appear on the upper extremities, face, trunk, and other atypical sites.",23-004;23-008,,,,,,
necrobiosis_lipoidica_P009,necrobiosis lipoidica,lab,1,fat deposition,"Skin Biopsy: A biopsy is essential for confirming the diagnosis, as it shows characteristic histopathological features such as collagen degeneration, granuloma formation, and fat deposition. It helps differentiate NL from other conditions like granuloma annulare, necrobiotic xanthogranuloma, and sarcoidosis.",23-006,,,,,,
necrobiosis_lipoidica_P010,necrobiosis lipoidica,morphology,1,small firm 1- to 3-mm reddish-brown papules,"Clinical Presentation: Lesions typically begin as small, firm, 1- to 3-mm reddish-brown papules that gradually enlarge and coalesce into plaques with indurated borders and waxy centers. The plaques are often yellowish or reddish-brown and become more atrophic and shiny over time.",23-007,,,,,,
necrobiosis_lipoidica_P011,necrobiosis lipoidica,history,1,gradual enlargement and coalescence of lesions,"Clinical Presentation: Lesions typically begin as small, firm, 1- to 3-mm reddish-brown papules that gradually enlarge and coalesce into plaques with indurated borders and waxy centers. The plaques are often yellowish or reddish-brown and become more atrophic and shiny over time.",23-007,,,,,,
necrobiosis_lipoidica_P012,necrobiosis lipoidica,morphology,1,yellowish or reddish-brown plaques with indurated borders and waxy centers,"Clinical Presentation: Lesions typically begin as small, firm, 1- to 3-mm reddish-brown papules that gradually enlarge and coalesce into plaques with indurated borders and waxy centers. The plaques are often yellowish or reddish-brown and become more atrophic and shiny over time.",23-007,,,,,,
necrobiosis_lipoidica_P013,necrobiosis lipoidica,morphology,1,atrophic shiny plaques,"Clinical Presentation: Lesions typically begin as small, firm, 1- to 3-mm reddish-brown papules that gradually enlarge and coalesce into plaques with indurated borders and waxy centers. The plaques are often yellowish or reddish-brown and become more atrophic and shiny over time.",23-007,,,,,,
necrobiosis_lipoidica_P014,necrobiosis lipoidica,morphology,1,ulceration,"Ulceration: Ulceration occurs in about one-third of lesions, often following minor trauma. Ulcerations can be painful, may become infected, and often heal with scarring. || Ulceration: Ulcerations can result in significant morbidity and require comprehensive wound care. || Progression: Lesions can spread and may turn into open sores, increasing the risk of developing ulcers.",23-009;23-024;23-013,,,,,,
necrobiosis_lipoidica_P015,necrobiosis lipoidica,history,1,ulceration following minor trauma,"Ulceration: Ulceration occurs in about one-third of lesions, often following minor trauma. Ulcerations can be painful, may become infected, and often heal with scarring.",23-009,,,,,,
necrobiosis_lipoidica_P016,necrobiosis lipoidica,symptom,1,painful ulcerations,"Ulceration: Ulceration occurs in about one-third of lesions, often following minor trauma. Ulcerations can be painful, may become infected, and often heal with scarring.",23-009,,,,,,
necrobiosis_lipoidica_P017,necrobiosis lipoidica,morphology,1,infected ulcerations,"Ulceration: Ulceration occurs in about one-third of lesions, often following minor trauma. Ulcerations can be painful, may become infected, and often heal with scarring.",23-009,,,,,,
necrobiosis_lipoidica_P018,necrobiosis lipoidica,morphology,1,scarring after ulceration,"Ulceration: Ulceration occurs in about one-third of lesions, often following minor trauma. Ulcerations can be painful, may become infected, and often heal with scarring.",23-009,,,,,,
necrobiosis_lipoidica_P019,necrobiosis lipoidica,morphology,1,telangiectasias in central plaque areas,Telangiectasias: These are common in the central areas of the plaques and result from collagen degeneration.,23-010,WARN:OTHER_LABEL_NAME(telangiectases:telangiectasias),,,,,
necrobiosis_lipoidica_P020,necrobiosis lipoidica,morphology,1,central plaque atrophy with waxy yellowish appearance,"Atrophy: The central areas of the plaques often become atrophic, with a waxy, yellowish appearance.",23-011,,,,,,
necrobiosis_lipoidica_P021,necrobiosis lipoidica,morphology,1,bruise-like erythema,"Initial Presentation: The first symptom is often a ""bruised"" appearance (erythema) that is not necessarily associated with a known injury.",23-012,,,,,,
necrobiosis_lipoidica_P022,necrobiosis lipoidica,history,1,spreading lesions,"Progression: Lesions can spread and may turn into open sores, increasing the risk of developing ulcers.",23-013,,,,,,
necrobiosis_lipoidica_P023,necrobiosis lipoidica,history,1,thyroid disorders,"Associated Conditions: NL is often associated with other inflammatory diseases such as thyroid disorders, Crohn's disease, ulcerative colitis, rheumatoid arthritis, and sarcoidosis.",23-015,,,,,,
necrobiosis_lipoidica_P024,necrobiosis lipoidica,history,1,Crohn's disease,"Associated Conditions: NL is often associated with other inflammatory diseases such as thyroid disorders, Crohn's disease, ulcerative colitis, rheumatoid arthritis, and sarcoidosis.",23-015,,,,,,
necrobiosis_lipoidica_P025,necrobiosis lipoidica,history,1,ulcerative colitis,"Associated Conditions: NL is often associated with other inflammatory diseases such as thyroid disorders, Crohn's disease, ulcerative colitis, rheumatoid arthritis, and sarcoidosis.",23-015,,,,,,
necrobiosis_lipoidica_P026,necrobiosis lipoidica,history,1,rheumatoid arthritis,"Associated Conditions: NL is often associated with other inflammatory diseases such as thyroid disorders, Crohn's disease, ulcerative colitis, rheumatoid arthritis, and sarcoidosis.",23-015,,,,,,
necrobiosis_lipoidica_P027,necrobiosis lipoidica,history,1,sarcoidosis,"Associated Conditions: NL is often associated with other inflammatory diseases such as thyroid disorders, Crohn's disease, ulcerative colitis, rheumatoid arthritis, and sarcoidosis.",23-015,WARN:OTHER_LABEL_NAME(sarcoidosis:sarcoidosis),delete,,,,chi la ten nhan khac (sarcoidosis)
necrobiosis_lipoidica_P028,necrobiosis lipoidica,lab,1,microangiopathic changes,Diabetic Microangiopathy: The most common theory suggests that microangiopathic changes and immune complex deposition lead to collagen degeneration.,23-021,,,,,,
necrobiosis_lipoidica_P029,necrobiosis lipoidica,lab,1,immune complex deposition,Diabetic Microangiopathy: The most common theory suggests that microangiopathic changes and immune complex deposition lead to collagen degeneration.,23-021,,,,,,
necrobiosis_lipoidica_P030,necrobiosis lipoidica,lab,1,elevated lysyl oxidase levels,"Abnormal Collagen: Elevated levels of lysyl oxidase in diabetes mellitus can cause increased collagen cross-linking, contributing to the thickening of the basement membrane in NL.",23-022,,,,,,
necrobiosis_lipoidica_P031,necrobiosis lipoidica,lab,1,increased collagen cross-linking,"Abnormal Collagen: Elevated levels of lysyl oxidase in diabetes mellitus can cause increased collagen cross-linking, contributing to the thickening of the basement membrane in NL.",23-022,,,,,,
necrobiosis_lipoidica_P032,necrobiosis lipoidica,lab,1,thickened basement membrane,"Abnormal Collagen: Elevated levels of lysyl oxidase in diabetes mellitus can cause increased collagen cross-linking, contributing to the thickening of the basement membrane in NL.",23-022,,,,,,
necrobiosis_lipoidica_P033,necrobiosis lipoidica,history,1,recurrent course,"Chronic Course: The disease is often chronic and recurrent, with a variable progression.",23-023,,,,,,
necrobiosis_lipoidica_P034,necrobiosis lipoidica,history,1,variable progression,"Chronic Course: The disease is often chronic and recurrent, with a variable progression.",23-023,,,,,,
neutrophilic_dermatoses_P001,neutrophilic dermatoses,lab,1,sterile neutrophilic infiltrate on histopathology,Neutrophilic dermatoses are a group of inflammatory skin conditions characterized by the presence of a sterile neutrophilic infiltrate on histopathology.,25-001,,,,,,
neutrophilic_dermatoses_P002,neutrophilic dermatoses,lab,-1,infection,"These conditions are not associated with infection and can present with a wide range of clinical manifestations, including pustules, plaques, nodules, and ulcers. || Histopathology shows a dense infiltrate of mature neutrophils without evidence of infection or vasculitis",25-002;25-019,INFO:NEGATIVE_POLARITY,,,,,
neutrophilic_dermatoses_P003,neutrophilic dermatoses,morphology,1,pustules,"These conditions are not associated with infection and can present with a wide range of clinical manifestations, including pustules, plaques, nodules, and ulcers. || Skin lesions (pustules, nodules, erythema nodosum)",25-002;25-011,,,,,,
neutrophilic_dermatoses_P004,neutrophilic dermatoses,morphology,1,plaques,"These conditions are not associated with infection and can present with a wide range of clinical manifestations, including pustules, plaques, nodules, and ulcers.",25-002,,,,,,
neutrophilic_dermatoses_P005,neutrophilic dermatoses,morphology,1,nodules,"These conditions are not associated with infection and can present with a wide range of clinical manifestations, including pustules, plaques, nodules, and ulcers. || Skin lesions (pustules, nodules, erythema nodosum)",25-002;25-011,,,,,,
neutrophilic_dermatoses_P006,neutrophilic dermatoses,morphology,1,ulcers,"These conditions are not associated with infection and can present with a wide range of clinical manifestations, including pustules, plaques, nodules, and ulcers.",25-002,,,,,,
neutrophilic_dermatoses_P007,neutrophilic dermatoses,history,1,Sweet syndrome,"The main forms of neutrophilic dermatoses include Sweet syndrome, pyoderma gangrenosum, Behçet syndrome, and neutrophilic eccrine hidradenitis.",25-003,,,,,,
neutrophilic_dermatoses_P008,neutrophilic dermatoses,history,1,pyoderma gangrenosum,"The main forms of neutrophilic dermatoses include Sweet syndrome, pyoderma gangrenosum, Behçet syndrome, and neutrophilic eccrine hidradenitis.",25-003,,,,,,
neutrophilic_dermatoses_P009,neutrophilic dermatoses,history,1,Behçet syndrome,"The main forms of neutrophilic dermatoses include Sweet syndrome, pyoderma gangrenosum, Behçet syndrome, and neutrophilic eccrine hidradenitis.",25-003,,,,,,
neutrophilic_dermatoses_P010,neutrophilic dermatoses,history,1,neutrophilic eccrine hidradenitis,"The main forms of neutrophilic dermatoses include Sweet syndrome, pyoderma gangrenosum, Behçet syndrome, and neutrophilic eccrine hidradenitis.",25-003,,,,,,
neutrophilic_dermatoses_P011,neutrophilic dermatoses,history,1,hematological malignancies,"These disorders can be associated with systemic conditions such as hematological malignancies, inflammatory bowel disease, and autoinflammatory syndromes. || Associated with malignancies, particularly hematological disorders",25-004;25-013,,,,,,
neutrophilic_dermatoses_P012,neutrophilic dermatoses,history,1,inflammatory bowel disease,"These disorders can be associated with systemic conditions such as hematological malignancies, inflammatory bowel disease, and autoinflammatory syndromes. || Often associated with systemic conditions like inflammatory bowel disease and rheumatoid arthritis",25-004;25-009,,,,,,
neutrophilic_dermatoses_P013,neutrophilic dermatoses,history,1,autoinflammatory syndromes,"These disorders can be associated with systemic conditions such as hematological malignancies, inflammatory bowel disease, and autoinflammatory syndromes.",25-004,,,,,,
neutrophilic_dermatoses_P014,neutrophilic dermatoses,symptom,1,sudden onset of fever,Sudden onset of fever,25-005,,,,,,
neutrophilic_dermatoses_P015,neutrophilic dermatoses,symptom,1,tenderness of papules and plaques,"Tender, erythematous, well-demarcated papules and plaques",25-007,,,,,,
neutrophilic_dermatoses_P016,neutrophilic dermatoses,morphology,1,erythematous well-demarcated papules and plaques,"Tender, erythematous, well-demarcated papules and plaques",25-007,,,,,,
neutrophilic_dermatoses_P017,neutrophilic dermatoses,symptom,1,painful ulcers,"Painful, rapidly progressive ulcers with undermined borders",25-008,,,,,,
neutrophilic_dermatoses_P018,neutrophilic dermatoses,history,1,rapidly progressive ulcers,"Painful, rapidly progressive ulcers with undermined borders",25-008,,,,,,
neutrophilic_dermatoses_P019,neutrophilic dermatoses,history,1,rheumatoid arthritis,Often associated with systemic conditions like inflammatory bowel disease and rheumatoid arthritis,25-009,,,,,,
neutrophilic_dermatoses_P020,neutrophilic dermatoses,history,1,recurrent ulcers,Recurrent oral and genital ulcers,25-010,,,,,,
neutrophilic_dermatoses_P021,neutrophilic dermatoses,location,1,ulcers of the oral and genital mucosa,Recurrent oral and genital ulcers,25-010,,,,,,
neutrophilic_dermatoses_P022,neutrophilic dermatoses,morphology,1,erythema nodosum,"Skin lesions (pustules, nodules, erythema nodosum)",25-011,,,,,,
neutrophilic_dermatoses_P023,neutrophilic dermatoses,symptom,1,tenderness of nodules or plaques,"Tender, erythematous nodules or plaques, often on the trunk and extremities",25-012,,,,,,
neutrophilic_dermatoses_P024,neutrophilic dermatoses,morphology,1,erythematous nodules or plaques,"Tender, erythematous nodules or plaques, often on the trunk and extremities",25-012,,,,,,
neutrophilic_dermatoses_P025,neutrophilic dermatoses,location,1,lesions on the trunk and extremities,"Tender, erythematous nodules or plaques, often on the trunk and extremities",25-012,,,,,,
neutrophilic_dermatoses_P026,neutrophilic dermatoses,lab,1,elevated white blood cell count,"Leukocytosis || Elevated white blood cell count, particularly neutrophils",25-006;25-014,,,,,,
neutrophilic_dermatoses_P027,neutrophilic dermatoses,lab,1,neutrophilia,"Elevated white blood cell count, particularly neutrophils",25-014,,,,,,
neutrophilic_dermatoses_P028,neutrophilic dermatoses,lab,1,elevated C-reactive protein,Elevated levels indicating systemic inflammation,25-015,,,,,,
neutrophilic_dermatoses_P029,neutrophilic dermatoses,lab,1,elevated erythrocyte sedimentation rate,Elevated in cases of systemic involvement,25-016,,,,,,
neutrophilic_dermatoses_P030,neutrophilic dermatoses,lab,1,positive autoimmune panel,May be positive in cases associated with autoimmune conditions,25-017,,,,,,
neutrophilic_dermatoses_P031,neutrophilic dermatoses,history,1,autoimmune conditions,May be positive in cases associated with autoimmune conditions,25-017,,,,,,
neutrophilic_dermatoses_P032,neutrophilic dermatoses,lab,1,dense infiltrate of mature neutrophils on histopathology,Histopathology shows a dense infiltrate of mature neutrophils without evidence of infection or vasculitis,25-019,,,,,,
neutrophilic_dermatoses_P033,neutrophilic dermatoses,lab,-1,vasculitis,Histopathology shows a dense infiltrate of mature neutrophils without evidence of infection or vasculitis,25-019,INFO:NEGATIVE_POLARITY,,,,,
neutrophilic_dermatoses_P034,neutrophilic dermatoses,lab,1,dense neutrophilic infiltrate in the upper dermis,"Characteristic histological features: dense neutrophilic infiltrate in the upper dermis, subepidermal edema, and extravasated red cells",25-023,,,,,,
neutrophilic_dermatoses_P035,neutrophilic dermatoses,lab,1,subepidermal edema,"Characteristic histological features: dense neutrophilic infiltrate in the upper dermis, subepidermal edema, and extravasated red cells",25-023,,,,,,
neutrophilic_dermatoses_P036,neutrophilic dermatoses,lab,1,extravasated red blood cells,"Characteristic histological features: dense neutrophilic infiltrate in the upper dermis, subepidermal edema, and extravasated red cells",25-023,,,,,,
neutrophilic_dermatoses_P037,neutrophilic dermatoses,morphology,1,punched-out ulcers with undermined borders,"Painful, rapidly progressive ulcers with undermined borders || Pathognomonic ""punched-out"" ulcers with undermined borders",25-008;25-024,,,,,,
neutrophilic_dermatoses_P038,neutrophilic dermatoses,morphology,1,sterile pustule or papule at an injection site,Positive pathergy test (injection site shows a sterile pustule or papule),25-025,,,,,,
neutrophilic_dermatoses_P039,neutrophilic dermatoses,lab,1,neutrophilic infiltration around eccrine glands,Histopathology shows neutrophilic infiltration around eccrine glands,25-026,,,,,,
neutrophilic_dermatoses_P040,neutrophilic dermatoses,history,1,myelodysplastic syndrome,"Myelodysplastic syndrome, acute myeloid leukemia",25-027,,,,,,
neutrophilic_dermatoses_P041,neutrophilic dermatoses,history,1,acute myeloid leukemia,"Myelodysplastic syndrome, acute myeloid leukemia",25-027,,,,,,
neutrophilic_dermatoses_P042,neutrophilic dermatoses,history,1,ulcerative colitis,"Ulcerative colitis, Crohn's disease",25-028,,,,,,
neutrophilic_dermatoses_P043,neutrophilic dermatoses,history,1,Crohn's disease,"Ulcerative colitis, Crohn's disease",25-028,,,,,,
neutrophilic_dermatoses_P044,neutrophilic dermatoses,history,1,familial Mediterranean fever,"Familial Mediterranean fever, TNF receptor-associated periodic syndrome (TRAPS)",25-029,,,,,,
neutrophilic_dermatoses_P045,neutrophilic dermatoses,history,1,TNF receptor-associated periodic syndrome,"Familial Mediterranean fever, TNF receptor-associated periodic syndrome (TRAPS)",25-029,,,,,,
pediculosis_lids_P001,pediculosis lids,lab,1,Phthirus pubis on the eyelashes,"Pediculosis ciliaris, also known as pediculosis of the eyelashes, is an infestation of the eyelashes by the pubic louse (Phthirus pubis). || Direct observation of lice and nits on the eyelashes is the gold standard for diagnosis. || Lice and Nits: Lice are visible on the eyelashes and can be identified by their distinct appearance. Nits (eggs) are ovoid and opaque, adherent to the base of the eyelashes. || Visible Lice and Nits: Direct observation of lice and nits on the eyelashes using a handlight or slit lamp examination. || The presence of lice and nits on the eyelashes, along with symptoms such as severe itching, irritation, and inflammation, are key diagnostic indicators.",26-001;26-004;26-005;26-014;26-022,,,,,,
pediculosis_lids_P002,pediculosis lids,symptom,1,eyelid discomfort,This condition is less common than other forms of pediculosis but can cause significant discomfort and potential complications.,26-002,,,,,,
pediculosis_lids_P003,pediculosis lids,morphology,1,ovoid opaque nits adherent to eyelash bases,"Direct observation of lice and nits on the eyelashes is the gold standard for diagnosis. || Visible Lice and Nits: Direct observation of lice and nits on the eyelashes using a handlight or slit lamp examination. || The presence of lice and nits on the eyelashes, along with symptoms such as severe itching, irritation, and inflammation, are key diagnostic indicators. || Lice and Nits: Lice are visible on the eyelashes and can be identified by their distinct appearance. Nits (eggs) are ovoid and opaque, adherent to the base of the eyelashes.",26-004;26-014;26-022;26-005,,,,,,
pediculosis_lids_P004,pediculosis lids,morphology,1,reddish-brown deposits on the eyelids,Erythematous Lesions: Reddish-brown deposits and erythematous lesions from louse bites may be seen on the eyelids.,26-006,,,,,,
pediculosis_lids_P005,pediculosis lids,morphology,1,erythematous eyelid lesions,Erythematous Lesions: Reddish-brown deposits and erythematous lesions from louse bites may be seen on the eyelids.,26-006,,,,,,
pediculosis_lids_P006,pediculosis lids,morphology,1,chronic follicular conjunctival inflammation,"Conjunctivitis: Chronic, follicular conjunctivitis may occur as a result of the infestation.",26-008,,,,,,
pediculosis_lids_P007,pediculosis lids,morphology,1,skin excoriations from scratching,"Secondary Infections: Excoriation of the skin from extensive scratching may lead to secondary bacterial infections, such as impetigo or erysipelas.",26-009,,,,,,
pediculosis_lids_P008,pediculosis lids,lab,1,secondary bacterial skin infection,"Secondary Infections: Excoriation of the skin from extensive scratching may lead to secondary bacterial infections, such as impetigo or erysipelas.",26-009,,,,,,
pediculosis_lids_P009,pediculosis lids,symptom,1,intense eyelid itching,"Severe Itching (Pruritus): Intense itching of the eyelids is a common symptom. || The presence of lice and nits on the eyelashes, along with symptoms such as severe itching, irritation, and inflammation, are key diagnostic indicators.",26-010;26-022,,,,,,
pediculosis_lids_P010,pediculosis lids,symptom,1,eye irritation,"Irritation and Foreign Body Sensation: Patients may report a feeling of something in their eyes. || The presence of lice and nits on the eyelashes, along with symptoms such as severe itching, irritation, and inflammation, are key diagnostic indicators.",26-011;26-022,,,,,,
pediculosis_lids_P011,pediculosis lids,symptom,1,foreign body sensation in the eyes,Irritation and Foreign Body Sensation: Patients may report a feeling of something in their eyes.,26-011,,,,,,
pediculosis_lids_P012,pediculosis lids,morphology,1,eyelid redness and inflammation,"Blepharitis: Inflammation of the eyelids, often accompanied by crusting and thickening of the lid margins. || Redness and Inflammation: Redness and inflammation of the eyelids and surrounding areas. || The presence of lice and nits on the eyelashes, along with symptoms such as severe itching, irritation, and inflammation, are key diagnostic indicators.",26-007;26-012;26-022,,,,,,
pediculosis_lids_P013,pediculosis lids,history,1,eyelid margin crusting and thickening upon waking,"Blepharitis: Inflammation of the eyelids, often accompanied by crusting and thickening of the lid margins. || Crusting and Thickening: Crusting and thickening of the eyelid margins, especially noticeable upon waking.",26-007;26-013,,,,,,
pediculosis_lids_P014,pediculosis lids,history,1,childhood,"Children: Infestation of the eyelashes is more common in children, particularly those between the ages of 15 and 40.",26-020,,,,,,
pediculosis_lids_P015,pediculosis lids,history,1,age 15 to 40 years,"Children: Infestation of the eyelashes is more common in children, particularly those between the ages of 15 and 40.",26-020,,,,,,
photodermatoses_P001,photodermatoses,history,1,abnormal skin reactions to ultraviolet radiation,Photodermatoses are a heterogeneous group of skin disorders characterized by abnormal reactions to ultraviolet (UV) radiation. || Photodermatoses are a diverse group of skin disorders characterized by abnormal reactions to UV radiation.,27-001;27-022,,,,,,
photodermatoses_P002,photodermatoses,lab,1,immunologically mediated skin reactions,"These conditions can be broadly classified into four categories: immunologically mediated photodermatoses, chemical- and drug-induced photosensitivity, photoaggravated dermatoses, and genetic disorders associated with defective DNA repair mechanisms.",27-002,,,,,,
photodermatoses_P003,photodermatoses,history,1,chemical- or drug-induced photosensitivity,"These conditions can be broadly classified into four categories: immunologically mediated photodermatoses, chemical- and drug-induced photosensitivity, photoaggravated dermatoses, and genetic disorders associated with defective DNA repair mechanisms.",27-002,,,,,,
photodermatoses_P004,photodermatoses,history,1,photoaggravated skin reactions,"These conditions can be broadly classified into four categories: immunologically mediated photodermatoses, chemical- and drug-induced photosensitivity, photoaggravated dermatoses, and genetic disorders associated with defective DNA repair mechanisms.",27-002,,,,,,
photodermatoses_P005,photodermatoses,lab,1,defective DNA repair mechanisms,"These conditions can be broadly classified into four categories: immunologically mediated photodermatoses, chemical- and drug-induced photosensitivity, photoaggravated dermatoses, and genetic disorders associated with defective DNA repair mechanisms.",27-002,,,,,,
photodermatoses_P006,photodermatoses,symptom,1,itch,"Polymorphous Light Eruption (PMLE): Common in otherwise healthy individuals, characterized by itchy, red, and sometimes blistering rashes that appear on sun-exposed areas, particularly the face, neck, and arms. Symptoms typically occur within minutes to hours after sun exposure and resolve within a few days. || Chronic Actinic Dermatitis (CAD): More common in middle-aged and elderly individuals, presenting as chronic, itchy, and eczematous lesions on sun-exposed areas. CAD can be exacerbated by both UV and visible light. || Actinic Prurigo: Chronic, itchy, and scaly lesions on sun-exposed areas, often with a history of atopy. Common in individuals with skin of color. || PMLE: Itchy, red, and sometimes blistering rashes on sun-exposed areas. || CAD: Chronic, itchy, and eczematous lesions on sun-exposed areas. || Actinic Prurigo: Chronic, itchy, and scaly lesions on sun-exposed areas.",27-004;27-005;27-008;27-015;27-016;27-019,,,,,,
photodermatoses_P007,photodermatoses,morphology,1,red blistering rash,"Polymorphous Light Eruption (PMLE): Common in otherwise healthy individuals, characterized by itchy, red, and sometimes blistering rashes that appear on sun-exposed areas, particularly the face, neck, and arms. Symptoms typically occur within minutes to hours after sun exposure and resolve within a few days. || PMLE: Itchy, red, and sometimes blistering rashes on sun-exposed areas.",27-004;27-015,,,,,,
photodermatoses_P008,photodermatoses,location,1,"lesions on sun-exposed face, neck and arms","Polymorphous Light Eruption (PMLE): Common in otherwise healthy individuals, characterized by itchy, red, and sometimes blistering rashes that appear on sun-exposed areas, particularly the face, neck, and arms. Symptoms typically occur within minutes to hours after sun exposure and resolve within a few days. || Chronic Actinic Dermatitis (CAD): More common in middle-aged and elderly individuals, presenting as chronic, itchy, and eczematous lesions on sun-exposed areas. CAD can be exacerbated by both UV and visible light. || Solar Urticaria: Rare condition characterized by hives or wheals that appear on sun-exposed skin within minutes of exposure. Symptoms can be severe and may include anaphylaxis. || Hydroa Vacciniforme: Rare, chronic condition causing vesicles and crusts on sun-exposed areas, often leading to scarring and pitting. Common in children and adolescents. || Actinic Prurigo: Chronic, itchy, and scaly lesions on sun-exposed areas, often with a history of atopy. Common in individuals with skin of color. || PMLE: Itchy, red, and sometimes blistering rashes on sun-exposed areas. || CAD: Chronic, itchy, and eczematous lesions on sun-exposed areas. || Solar Urticaria: Hives or wheals on sun-exposed skin. || Hydroa Vacciniforme: Vesicles and crusts on sun-exposed areas, often leading to scarring. || Actinic Prurigo: Chronic, itchy, and scaly lesions on sun-exposed areas.",27-004;27-005;27-006;27-007;27-008;27-015;27-016;27-017;27-018;27-019,,,,,,
photodermatoses_P009,photodermatoses,history,1,onset within minutes to hours after sun exposure,"Polymorphous Light Eruption (PMLE): Common in otherwise healthy individuals, characterized by itchy, red, and sometimes blistering rashes that appear on sun-exposed areas, particularly the face, neck, and arms. Symptoms typically occur within minutes to hours after sun exposure and resolve within a few days.",27-004,,,,,,
photodermatoses_P010,photodermatoses,history,1,resolution within a few days,"Polymorphous Light Eruption (PMLE): Common in otherwise healthy individuals, characterized by itchy, red, and sometimes blistering rashes that appear on sun-exposed areas, particularly the face, neck, and arms. Symptoms typically occur within minutes to hours after sun exposure and resolve within a few days.",27-004,,,,,,
photodermatoses_P011,photodermatoses,history,1,middle-aged or elderly age,"Chronic Actinic Dermatitis (CAD): More common in middle-aged and elderly individuals, presenting as chronic, itchy, and eczematous lesions on sun-exposed areas. CAD can be exacerbated by both UV and visible light.",27-005,,,,,,
photodermatoses_P012,photodermatoses,history,1,chronic course,"Chronic Actinic Dermatitis (CAD): More common in middle-aged and elderly individuals, presenting as chronic, itchy, and eczematous lesions on sun-exposed areas. CAD can be exacerbated by both UV and visible light. || Hydroa Vacciniforme: Rare, chronic condition causing vesicles and crusts on sun-exposed areas, often leading to scarring and pitting. Common in children and adolescents. || Actinic Prurigo: Chronic, itchy, and scaly lesions on sun-exposed areas, often with a history of atopy. Common in individuals with skin of color. || CAD: Chronic, itchy, and eczematous lesions on sun-exposed areas. || Actinic Prurigo: Chronic, itchy, and scaly lesions on sun-exposed areas.",27-005;27-007;27-008;27-016;27-019,,,,,,
photodermatoses_P013,photodermatoses,morphology,1,eczematous lesions,"Chronic Actinic Dermatitis (CAD): More common in middle-aged and elderly individuals, presenting as chronic, itchy, and eczematous lesions on sun-exposed areas. CAD can be exacerbated by both UV and visible light. || CAD: Chronic, itchy, and eczematous lesions on sun-exposed areas.",27-005;27-016,,,,,,
photodermatoses_P014,photodermatoses,history,1,exacerbation by ultraviolet and visible light,"Chronic Actinic Dermatitis (CAD): More common in middle-aged and elderly individuals, presenting as chronic, itchy, and eczematous lesions on sun-exposed areas. CAD can be exacerbated by both UV and visible light.",27-005,,,,,,
photodermatoses_P015,photodermatoses,morphology,1,hives or wheals,Solar Urticaria: Rare condition characterized by hives or wheals that appear on sun-exposed skin within minutes of exposure. Symptoms can be severe and may include anaphylaxis. || Solar Urticaria: Hives or wheals on sun-exposed skin.,27-006;27-017,WARN:OTHER_LABEL_NAME(urticaria:hives),,,,,
photodermatoses_P016,photodermatoses,history,1,onset within minutes of sun exposure,Solar Urticaria: Rare condition characterized by hives or wheals that appear on sun-exposed skin within minutes of exposure. Symptoms can be severe and may include anaphylaxis.,27-006,,,,,,
photodermatoses_P017,photodermatoses,symptom,1,anaphylaxis,Solar Urticaria: Rare condition characterized by hives or wheals that appear on sun-exposed skin within minutes of exposure. Symptoms can be severe and may include anaphylaxis.,27-006,,,,,,
photodermatoses_P018,photodermatoses,morphology,1,vesicles and crusts,"Hydroa Vacciniforme: Rare, chronic condition causing vesicles and crusts on sun-exposed areas, often leading to scarring and pitting. Common in children and adolescents. || Hydroa Vacciniforme: Vesicles and crusts on sun-exposed areas, often leading to scarring.",27-007;27-018,,,,,,
photodermatoses_P019,photodermatoses,morphology,1,scarring,"Hydroa Vacciniforme: Rare, chronic condition causing vesicles and crusts on sun-exposed areas, often leading to scarring and pitting. Common in children and adolescents. || Hydroa Vacciniforme: Vesicles and crusts on sun-exposed areas, often leading to scarring.",27-007;27-018,,,,,,
photodermatoses_P020,photodermatoses,morphology,1,skin pitting,"Hydroa Vacciniforme: Rare, chronic condition causing vesicles and crusts on sun-exposed areas, often leading to scarring and pitting. Common in children and adolescents.",27-007,,,,,,
photodermatoses_P021,photodermatoses,history,1,childhood or adolescence,"Hydroa Vacciniforme: Rare, chronic condition causing vesicles and crusts on sun-exposed areas, often leading to scarring and pitting. Common in children and adolescents.",27-007,,,,,,
photodermatoses_P022,photodermatoses,morphology,1,scaly lesions,"Actinic Prurigo: Chronic, itchy, and scaly lesions on sun-exposed areas, often with a history of atopy. Common in individuals with skin of color. || Actinic Prurigo: Chronic, itchy, and scaly lesions on sun-exposed areas.",27-008;27-019,,,,,,
photodermatoses_P023,photodermatoses,history,1,history of atopy,"Actinic Prurigo: Chronic, itchy, and scaly lesions on sun-exposed areas, often with a history of atopy. Common in individuals with skin of color.",27-008,,,,,,
photodermatoses_P024,photodermatoses,history,1,skin of color,"Actinic Prurigo: Chronic, itchy, and scaly lesions on sun-exposed areas, often with a history of atopy. Common in individuals with skin of color.",27-008,,,,,,
photodermatoses_P025,photodermatoses,lab,1,ultraviolet wavelength-specific reaction,Phototesting: Essential for diagnosing photodermatoses. Includes determination of the minimal erythematous dose (MED) and UVA/UVB phototests to identify the specific wavelengths causing the reaction.,27-009,,,,,,
photodermatoses_P026,photodermatoses,history,1,light-dependent allergic reactions to chemicals or drugs,Photopatch Testing: Useful for identifying photoallergic reactions to specific chemicals or drugs.,27-010,,,,,,
pilar_cyst_P001,pilar cyst,lab,1,origin from the outer root sheath of a hair follicle,"Pilar cyst, also called a trichilemmal cyst, is a common benign cyst that arises from the outer root sheath of a hair follicle.",28-001,,,,,,
pilar_cyst_P002,pilar cyst,location,1,lesions on the scalp,"It most often occurs on the scalp and may be solitary or multiple. || Typical location: Scalp, although lesions can occur in other hair-bearing areas.",28-002;28-008,,,,,,
pilar_cyst_P003,pilar cyst,location,1,multiple lesions,"It most often occurs on the scalp and may be solitary or multiple. || Multiplicity: More than one lesion may occur, sometimes with a family history.",28-002;28-012,,,,,,
pilar_cyst_P004,pilar cyst,morphology,1,mobile beneath the skin,"The cyst is usually slow-growing, firm, smooth, and mobile beneath the skin. || Mobility: The lesion is often freely mobile over deeper structures.",28-003;28-010,,,,,,
pilar_cyst_P005,pilar cyst,symptom,-1,pain,"Most pilar cysts are asymptomatic unless inflamed, ruptured, or infected. || Symptoms: Usually painless; tenderness, redness, or drainage can occur with inflammation or rupture.",28-004;28-011,INFO:NEGATIVE_POLARITY,,,,,
pilar_cyst_P006,pilar cyst,morphology,1,inflammation,"Most pilar cysts are asymptomatic unless inflamed, ruptured, or infected.",28-004,,,,,,
pilar_cyst_P007,pilar cyst,morphology,1,rupture,"Most pilar cysts are asymptomatic unless inflamed, ruptured, or infected.",28-004,,,,,,
pilar_cyst_P008,pilar cyst,history,1,infection,"Most pilar cysts are asymptomatic unless inflamed, ruptured, or infected.",28-004,,,,,,
pilar_cyst_P009,pilar cyst,lab,1,trichilemmal keratinization,"Histopathology: Excision specimens show trichilemmal keratinization, typically without a granular cell layer, and compact keratin within the cyst.",28-006,,,,,,
pilar_cyst_P010,pilar cyst,lab,-1,granular cell layer,"Histopathology: Excision specimens show trichilemmal keratinization, typically without a granular cell layer, and compact keratin within the cyst.",28-006,INFO:NEGATIVE_POLARITY,,,,,
pilar_cyst_P011,pilar cyst,lab,1,compact keratin within the cyst,"Histopathology: Excision specimens show trichilemmal keratinization, typically without a granular cell layer, and compact keratin within the cyst.",28-006,,,,,,
pilar_cyst_P012,pilar cyst,morphology,1,purulent drainage,"Microbiology: Culture is considered only when there are signs of secondary infection, such as purulent drainage or marked surrounding erythema. || Symptoms: Usually painless; tenderness, redness, or drainage can occur with inflammation or rupture.",28-007;28-011,,,,,,
pilar_cyst_P013,pilar cyst,morphology,1,marked surrounding erythema,"Microbiology: Culture is considered only when there are signs of secondary infection, such as purulent drainage or marked surrounding erythema.",28-007,,,,,,
pilar_cyst_P014,pilar cyst,location,1,lesions in other hair-bearing areas,"Typical location: Scalp, although lesions can occur in other hair-bearing areas.",28-008,,,,,,
pilar_cyst_P015,pilar cyst,morphology,1,well-circumscribed round or oval skin-colored firm dermal or subcutaneous nodules,"The cyst is usually slow-growing, firm, smooth, and mobile beneath the skin. || Morphology: Well-circumscribed, round or oval, skin-colored, firm dermal or subcutaneous nodule.",28-003;28-009,,,,,,
pilar_cyst_P016,pilar cyst,symptom,1,tenderness,"Symptoms: Usually painless; tenderness, redness, or drainage can occur with inflammation or rupture.",28-011,,,,,,
pilar_cyst_P017,pilar cyst,morphology,1,redness,"Symptoms: Usually painless; tenderness, redness, or drainage can occur with inflammation or rupture.",28-011,,,,,,
pilar_cyst_P018,pilar cyst,history,1,family history,"Multiplicity: More than one lesion may occur, sometimes with a family history.",28-012,,,,,,
pilar_cyst_P019,pilar cyst,history,1,gradual enlargement over months to years,"The cyst is usually slow-growing, firm, smooth, and mobile beneath the skin. || Gradual enlargement over months to years.",28-003;28-013,,,,,,
pilar_cyst_P020,pilar cyst,symptom,-1,systemic symptoms,Lack of systemic symptoms in uncomplicated lesions.,28-014,INFO:NEGATIVE_POLARITY,,,,,
pityriasis_rubra_pilaris_P001,pityriasis rubra pilaris,morphology,1,keratotic follicular papules,"Pityriasis rubra pilaris (PRP) is a rare, chronic, inflammatory dermatosis characterized by reddish-orange, scaling plaques and keratotic follicular papules. || Seborrheic Dermatitis: Often affects the scalp and face but lacks the extensive hyperkeratosis and papules seen in PRP.",30-001;30-019,,,,,,
pityriasis_rubra_pilaris_P002,pityriasis rubra pilaris,history,1,chronic course,"Pityriasis rubra pilaris (PRP) is a rare, chronic, inflammatory dermatosis characterized by reddish-orange, scaling plaques and keratotic follicular papules. || Prognosis: Type I PRP has a good prognosis with high spontaneous remission rates, while other types may have a more chronic course.",30-001;30-022,,,,,,
pityriasis_rubra_pilaris_P003,pityriasis rubra pilaris,history,1,onset at any age with peaks in the first and fifth to sixth decades,"It can affect individuals of all ages, with a bimodal age distribution peaking in the first and fifth to sixth decades.",30-002,,,,,,
pityriasis_rubra_pilaris_P004,pityriasis rubra pilaris,history,1,adult onset,"Type I (classical adult onset) is the most common, affecting about 55% of patients, and is characterized by a high spontaneous remission rate (80%) within 1-3 years.",30-004,,,,,,
pityriasis_rubra_pilaris_P005,pityriasis rubra pilaris,morphology,1,fine scaling and erythema on the scalp,"Initial Presentation: Often begins with fine scaling and erythema on the scalp, which may be mistaken for seborrheic dermatitis.",30-005,,,,,,
pityriasis_rubra_pilaris_P006,pityriasis rubra pilaris,morphology,1,grid-like arrays of follicular papules,"Follicular Hyperkeratosis: Small, grid-like arrays of follicular-based papules, often described as ""nutmeg grater"" or ""exaggerated gooseflesh.""",30-006,,,,,,
pityriasis_rubra_pilaris_P007,pityriasis rubra pilaris,morphology,1,orange-red scaly plaques,"Pityriasis rubra pilaris (PRP) is a rare, chronic, inflammatory dermatosis characterized by reddish-orange, scaling plaques and keratotic follicular papules. || Progression: Papules coalesce into orange-red scaly plaques that spread in a cephalocaudal manner.",30-001;30-007,,,,,,
pityriasis_rubra_pilaris_P008,pityriasis rubra pilaris,history,1,coalescence of papules into plaques,Progression: Papules coalesce into orange-red scaly plaques that spread in a cephalocaudal manner.,30-007,,,,,,
pityriasis_rubra_pilaris_P009,pityriasis rubra pilaris,history,1,cephalocaudal spread of plaques,Progression: Papules coalesce into orange-red scaly plaques that spread in a cephalocaudal manner.,30-007,,,,,,
pityriasis_rubra_pilaris_P010,pityriasis rubra pilaris,morphology,1,sharply demarcated normal skin within affected regions,"Islands of Sparing: Characteristic sharply demarcated areas of normal skin within the affected regions. || Psoriasis: Similar clinical features but typically lacks the characteristic ""islands of sparing.""",30-008;30-017,ERROR:NEGATION_WORD(normal),edit,sharply demarcated islands of unaffected skin,,,"ERROR: tu ""normal"""
pityriasis_rubra_pilaris_P011,pityriasis rubra pilaris,morphology,1,thickened skin on the palms and soles,Palmoplantar Keratoderma: Thickening of the skin on the palms and soles.,30-009,,,,,,
pityriasis_rubra_pilaris_P012,pityriasis rubra pilaris,morphology,1,generalized erythroderma,"Erythroderma: In more severe cases, the condition can progress to generalized erythroderma.",30-010,,,,,,
pityriasis_rubra_pilaris_P013,pityriasis rubra pilaris,lab,1,mild anemia,Complete Blood Count (CBC): May show mild anemia and elevated white blood cell count.,30-011,,,,,,
pityriasis_rubra_pilaris_P014,pityriasis rubra pilaris,lab,1,elevated white blood cell count,Complete Blood Count (CBC): May show mild anemia and elevated white blood cell count.,30-011,,,,,,
pityriasis_rubra_pilaris_P015,pityriasis rubra pilaris,lab,1,elevated C-reactive protein,"C-Reactive Protein (CRP): Often elevated, indicating inflammation.",30-012,,,,,,
pityriasis_rubra_pilaris_P016,pityriasis rubra pilaris,lab,-1,vitamin A deficiency,"Serum Vitamin A Levels: Although PRP is not a vitamin A deficiency state, levels may be checked to rule out other conditions.",30-013,INFO:NEGATIVE_POLARITY,,,,,
pityriasis_rubra_pilaris_P017,pityriasis rubra pilaris,lab,1,CARD14 gene mutations in familial cases,"Genetic Testing: In familial cases, mutations in the CARD14 gene may be identified.",30-014,,,,,,
pityriasis_rubra_pilaris_P018,pityriasis rubra pilaris,lab,1,hyperkeratosis,"Skin Biopsy: Histopathology shows hyperkeratosis, parakeratosis, and acanthosis. Acantholysis may be present, resembling conditions like Darier's disease or Hailey-Hailey disease.",30-015,,,,,,
pityriasis_rubra_pilaris_P019,pityriasis rubra pilaris,lab,1,parakeratosis,"Skin Biopsy: Histopathology shows hyperkeratosis, parakeratosis, and acanthosis. Acantholysis may be present, resembling conditions like Darier's disease or Hailey-Hailey disease.",30-015,,,,,,
pityriasis_rubra_pilaris_P020,pityriasis rubra pilaris,lab,1,acanthosis,"Skin Biopsy: Histopathology shows hyperkeratosis, parakeratosis, and acanthosis. Acantholysis may be present, resembling conditions like Darier's disease or Hailey-Hailey disease.",30-015,,,,,,
pityriasis_rubra_pilaris_P021,pityriasis rubra pilaris,lab,1,acantholysis,"Skin Biopsy: Histopathology shows hyperkeratosis, parakeratosis, and acanthosis. Acantholysis may be present, resembling conditions like Darier's disease or Hailey-Hailey disease.",30-015,,,,,,
pityriasis_rubra_pilaris_P022,pityriasis rubra pilaris,morphology,1,extensive hyperkeratosis,Seborrheic Dermatitis: Often affects the scalp and face but lacks the extensive hyperkeratosis and papules seen in PRP.,30-019,,,,,,
pityriasis_rubra_pilaris_P023,pityriasis rubra pilaris,history,1,associated autoimmune diseases,"Comorbidities: PRP can be associated with autoimmune diseases, infections, and malignancies. HIV infection is a notable association, particularly in type VI PRP.",30-021,,,,,,
pityriasis_rubra_pilaris_P024,pityriasis rubra pilaris,history,1,associated infections,"Comorbidities: PRP can be associated with autoimmune diseases, infections, and malignancies. HIV infection is a notable association, particularly in type VI PRP.",30-021,,,,,,
pityriasis_rubra_pilaris_P025,pityriasis rubra pilaris,history,1,associated malignancies,"Comorbidities: PRP can be associated with autoimmune diseases, infections, and malignancies. HIV infection is a notable association, particularly in type VI PRP.",30-021,,,,,,
pityriasis_rubra_pilaris_P026,pityriasis rubra pilaris,history,1,HIV infection,"Comorbidities: PRP can be associated with autoimmune diseases, infections, and malignancies. HIV infection is a notable association, particularly in type VI PRP.",30-021,,,,,,
porphyria_P001,porphyria,lab,1,accumulation of porphyrins or their precursors,"These defects lead to the accumulation of porphyrins or their precursors, which can cause a wide range of clinical symptoms. || Key diagnostic features include elevated levels of porphyrins and their precursors, specific enzyme activity assays, and genetic testing.",32-002;32-026,,,,,,
porphyria_P002,porphyria,history,1,acute hepatic manifestations,"Porphyrias are classified into three main categories: acute hepatic porphyrias, cutaneous porphyrias, and mixed porphyrias.",32-003,,,,,,
porphyria_P003,porphyria,morphology,1,cutaneous manifestations,"Porphyrias are classified into three main categories: acute hepatic porphyrias, cutaneous porphyrias, and mixed porphyrias.",32-003,,,,,,
porphyria_P004,porphyria,lab,1,elevated urinary porphobilinogen,"Porphobilinogen (PBG) and Delta-Aminolevulinic Acid (ALA): Elevated levels in urine, especially during acute attacks, are a key indicator of acute hepatic porphyrias.",32-005,,,,,,
porphyria_P005,porphyria,lab,1,elevated urinary delta-aminolevulinic acid,"Porphobilinogen (PBG) and Delta-Aminolevulinic Acid (ALA): Elevated levels in urine, especially during acute attacks, are a key indicator of acute hepatic porphyrias.",32-005,,,,,,
porphyria_P006,porphyria,history,1,acute attacks,"Porphobilinogen (PBG) and Delta-Aminolevulinic Acid (ALA): Elevated levels in urine, especially during acute attacks, are a key indicator of acute hepatic porphyrias.",32-005,,,,,,
porphyria_P007,porphyria,lab,1,"increased porphyrins in blood, urine or feces","Porphyrins: Increased levels in blood, urine, or feces can help differentiate between different types of porphyria.",32-006,,,,,,
porphyria_P008,porphyria,lab,1,mutations in heme biosynthesis enzyme genes,Porphyria is a group of rare metabolic disorders caused by genetic defects in the enzymes involved in heme biosynthesis. || Porphyria is a complex group of metabolic disorders characterized by defects in the heme biosynthesis pathway. || Genetic Testing: Identification of specific mutations in the genes encoding the heme biosynthesis enzymes can confirm the diagnosis and identify pre-symptomatic carriers.,32-001;32-024;32-008,,,,,,
porphyria_P009,porphyria,symptom,1,severe abdominal pain,"Abdominal Pain: Severe, often described as cramping or colicky. || Symptoms: Severe abdominal pain, neurological symptoms, and gastrointestinal disturbances. || Clinical symptoms vary widely but often include severe abdominal pain, neurological disturbances, and photosensitivity.",32-009;32-017;32-027,,,,,,
porphyria_P010,porphyria,symptom,1,muscle weakness,"Neurological Symptoms: Muscle weakness, seizures, and mental changes such as anxiety and hallucinations.",32-010,,,,,,
porphyria_P011,porphyria,symptom,1,seizures,"Neurological Symptoms: Muscle weakness, seizures, and mental changes such as anxiety and hallucinations.",32-010,,,,,,
porphyria_P012,porphyria,symptom,1,anxiety and hallucinations,"Neurological Symptoms: Muscle weakness, seizures, and mental changes such as anxiety and hallucinations.",32-010,,,,,,
porphyria_P013,porphyria,symptom,1,"nausea, vomiting, diarrhea and constipation","Gastrointestinal Symptoms: Nausea, vomiting, diarrhea, and constipation.",32-011,,,,,,
porphyria_P014,porphyria,symptom,1,tachycardia,"Autonomic Neuropathy: Tachycardia, hypertension, and sweating.",32-012,,,,,,
porphyria_P015,porphyria,symptom,1,hypertension,"Autonomic Neuropathy: Tachycardia, hypertension, and sweating.",32-012,,,,,,
porphyria_P016,porphyria,symptom,1,sweating,"Autonomic Neuropathy: Tachycardia, hypertension, and sweating.",32-012,,,,,,
porphyria_P017,porphyria,symptom,1,photosensitivity,"Photosensitivity: Skin blisters, erosions, and hyperpigmentation upon exposure to sunlight. || Symptoms: Severe photosensitivity, often presenting in childhood. || Clinical symptoms vary widely but often include severe abdominal pain, neurological disturbances, and photosensitivity.",32-013;32-022;32-027,,,,,,
porphyria_P018,porphyria,morphology,1,"skin blisters, erosions and hyperpigmentation","Photosensitivity: Skin blisters, erosions, and hyperpigmentation upon exposure to sunlight. || Symptoms: Skin blisters, erosions, and hyperpigmentation, especially on sun-exposed areas.",32-013;32-020,,,,,,
porphyria_P019,porphyria,morphology,1,skin fragility,Fragile Skin: Easy bruising and scarring.,32-014,,,,,,
porphyria_P020,porphyria,morphology,1,easy bruising,Fragile Skin: Easy bruising and scarring.,32-014,,,,,,
porphyria_P021,porphyria,morphology,1,scarring,Fragile Skin: Easy bruising and scarring.,32-014,,,,,,
porphyria_P022,porphyria,location,1,excessive hair growth on the face and extremities,"Hypertrichosis: Excessive hair growth, especially on the face and extremities.",32-015,,,,,,
porphyria_P023,porphyria,history,1,acute neurovisceral attacks with cutaneous manifestations,"Porphyrias are classified into three main categories: acute hepatic porphyrias, cutaneous porphyrias, and mixed porphyrias. || Combination of Symptoms: Both acute neurovisceral attacks and cutaneous manifestations.",32-003;32-016,,,,,,
porphyria_P024,porphyria,symptom,1,neurological symptoms,"Symptoms: Severe abdominal pain, neurological symptoms, and gastrointestinal disturbances. || Clinical symptoms vary widely but often include severe abdominal pain, neurological disturbances, and photosensitivity.",32-017;32-027,,,,,,
porphyria_P025,porphyria,symptom,1,gastrointestinal disturbances,"Symptoms: Severe abdominal pain, neurological symptoms, and gastrointestinal disturbances.",32-017,,,,,,
porphyria_P026,porphyria,history,1,medications as a trigger,"Triggers: Certain medications, hormonal changes, fasting, and stress.",32-018,,,,,,
porphyria_P027,porphyria,history,1,hormonal changes as a trigger,"Triggers: Certain medications, hormonal changes, fasting, and stress.",32-018,,,,,,
porphyria_P028,porphyria,history,1,fasting as a trigger,"Triggers: Certain medications, hormonal changes, fasting, and stress.",32-018,,,,,,
porphyria_P029,porphyria,history,1,stress as a trigger,"Triggers: Certain medications, hormonal changes, fasting, and stress.",32-018,,,,,,
porphyria_P030,porphyria,history,1,young adult onset,"Age of Onset: Typically in young adults, more common in women.",32-019,,,,,,
porphyria_P031,porphyria,history,1,female sex,"Age of Onset: Typically in young adults, more common in women.",32-019,,,,,,
porphyria_P032,porphyria,location,1,lesions on sun-exposed areas,"Symptoms: Skin blisters, erosions, and hyperpigmentation, especially on sun-exposed areas.",32-020,,,,,,
porphyria_P033,porphyria,history,1,chronic liver disease,"Risk Factors: Chronic liver disease, iron overload, and alcohol use.",32-021,,,,,,
porphyria_P034,porphyria,history,1,iron overload,"Risk Factors: Chronic liver disease, iron overload, and alcohol use.",32-021,,,,,,
porphyria_P035,porphyria,history,1,alcohol use,"Risk Factors: Chronic liver disease, iron overload, and alcohol use.",32-021,,,,,,
porphyria_P036,porphyria,history,1,childhood onset,"Symptoms: Severe photosensitivity, often presenting in childhood.",32-022,,,,,,
prurigo_nodularis_P001,prurigo nodularis,history,1,chronic course,"Prurigo nodularis (PN) is a chronic, intensely pruritic skin condition characterized by the presence of hyperkeratotic, firm, nodular lesions. || Prurigo nodularis is a chronic, intensely pruritic skin condition characterized by hyperkeratotic, firm nodules.",33-001;33-016,,,,,,
prurigo_nodularis_P002,prurigo nodularis,symptom,1,severe persistent itching,"Prurigo nodularis (PN) is a chronic, intensely pruritic skin condition characterized by the presence of hyperkeratotic, firm, nodular lesions. || PN can significantly impair the quality of life of affected individuals due to the persistent and severe pruritus. || Severe Pruritus: Persistent and intense itching lasting more than 6 weeks. || Prurigo nodularis is a chronic, intensely pruritic skin condition characterized by hyperkeratotic, firm nodules. || Key diagnostic features include the presence of nodules greater than 0.5 cm, severe and persistent pruritus, a history of repeated scratching, and a significant impact on quality of life.",33-001;33-003;33-012;33-016;33-017,,,,,,
prurigo_nodularis_P003,prurigo nodularis,morphology,1,firm hyperkeratotic nodules,"Prurigo nodularis (PN) is a chronic, intensely pruritic skin condition characterized by the presence of hyperkeratotic, firm, nodular lesions. || Nodules: Firm, hyperkeratotic, and pruritic nodules that are typically greater than 0.5 cm in both width and depth. These nodules can appear on any part of the body but are most commonly found on the arms, legs, and trunk. || Prurigo nodularis is a chronic, intensely pruritic skin condition characterized by hyperkeratotic, firm nodules.",33-001;33-007;33-016,,,,,,
prurigo_nodularis_P004,prurigo nodularis,location,1,symmetric distribution,"These lesions are often symmetrically distributed on the extensor surfaces of the extremities and the trunk. || Symmetrical Distribution: Lesions are often symmetrically distributed, particularly on the extensor surfaces of the extremities.",33-002;33-009,,,,,,
prurigo_nodularis_P005,prurigo nodularis,location,1,lesions on extensor surfaces of the extremities,"These lesions are often symmetrically distributed on the extensor surfaces of the extremities and the trunk. || Symmetrical Distribution: Lesions are often symmetrically distributed, particularly on the extensor surfaces of the extremities.",33-002;33-009,,,,,,
prurigo_nodularis_P006,prurigo nodularis,location,1,lesions on the trunk,These lesions are often symmetrically distributed on the extensor surfaces of the extremities and the trunk.,33-002,,,,,,
prurigo_nodularis_P007,prurigo nodularis,lab,1,elevated blood eosinophil count,"Eosinophil Count: Elevated eosinophil levels in the blood may be observed, reflecting the inflammatory nature of the condition. || Laboratory tests may show elevated eosinophil counts and CRP levels, and skin biopsies typically reveal a high level of eosinophils.",33-004;33-018,,,,,,
prurigo_nodularis_P008,prurigo nodularis,lab,1,elevated C-reactive protein,"C-Reactive Protein (CRP): Elevated CRP levels may indicate systemic inflammation. || Laboratory tests may show elevated eosinophil counts and CRP levels, and skin biopsies typically reveal a high level of eosinophils.",33-005;33-018,,,,,,
prurigo_nodularis_P009,prurigo nodularis,lab,1,increased Th2 cytokines including IL-31,"Th1/Th2 Cytokine Profile: Increased levels of Th2 cytokines, particularly IL-31, are associated with the pathogenesis of PN.",33-006,,,,,,
prurigo_nodularis_P010,prurigo nodularis,morphology,1,nodules greater than 0.5 cm in width and depth,"Nodules: Firm, hyperkeratotic, and pruritic nodules that are typically greater than 0.5 cm in both width and depth. These nodules can appear on any part of the body but are most commonly found on the arms, legs, and trunk. || Key diagnostic features include the presence of nodules greater than 0.5 cm, severe and persistent pruritus, a history of repeated scratching, and a significant impact on quality of life.",33-007;33-017,,,,,,
prurigo_nodularis_P011,prurigo nodularis,location,1,"lesions on the arms, legs and trunk","Nodules: Firm, hyperkeratotic, and pruritic nodules that are typically greater than 0.5 cm in both width and depth. These nodules can appear on any part of the body but are most commonly found on the arms, legs, and trunk.",33-007,,,,,,
prurigo_nodularis_P012,prurigo nodularis,morphology,1,"flat, umbilicated or crusted excoriated lesions","Excoriated Lesions: Flat, umbilicated, or crusted lesions resulting from repeated scratching.",33-008,,,,,,
prurigo_nodularis_P013,prurigo nodularis,morphology,1,nodules arising from hair follicles,Follicular Pattern: Nodules may appear to begin in the hair follicles.,33-010,,,,,,
prurigo_nodularis_P014,prurigo nodularis,lab,1,high tissue eosinophil level,"Skin Biopsy: Histopathology shows a high level of eosinophils and increased dermal nerve proliferation. || Laboratory tests may show elevated eosinophil counts and CRP levels, and skin biopsies typically reveal a high level of eosinophils.",33-011;33-018,,,,,,
prurigo_nodularis_P015,prurigo nodularis,lab,1,increased dermal nerve proliferation,Skin Biopsy: Histopathology shows a high level of eosinophils and increased dermal nerve proliferation.,33-011,,,,,,
prurigo_nodularis_P016,prurigo nodularis,symptom,1,itching lasting more than 6 weeks,Severe Pruritus: Persistent and intense itching lasting more than 6 weeks.,33-012,,,,,,
prurigo_nodularis_P017,prurigo nodularis,history,1,"repeated scratching, picking or rubbing of lesions","History of Repeated Scratching: Patients often have a history of repeated scratching, picking, or rubbing of the lesions. || Key diagnostic features include the presence of nodules greater than 0.5 cm, severe and persistent pruritus, a history of repeated scratching, and a significant impact on quality of life.",33-013;33-017,,,,,,
prurigo_nodularis_P018,prurigo nodularis,history,1,atopic inflammatory skin disease,"Comorbidities: PN is often associated with other dermatological conditions (e.g., atopic dermatitis), systemic diseases (e.g., chronic kidney disease, liver disease), and psychiatric disorders (e.g., depression, anxiety).",33-015,,,,,,
prurigo_nodularis_P019,prurigo nodularis,history,1,chronic kidney disease,"Comorbidities: PN is often associated with other dermatological conditions (e.g., atopic dermatitis), systemic diseases (e.g., chronic kidney disease, liver disease), and psychiatric disorders (e.g., depression, anxiety).",33-015,,,,,,
prurigo_nodularis_P020,prurigo nodularis,history,1,liver disease,"Comorbidities: PN is often associated with other dermatological conditions (e.g., atopic dermatitis), systemic diseases (e.g., chronic kidney disease, liver disease), and psychiatric disorders (e.g., depression, anxiety).",33-015,,,,,,
prurigo_nodularis_P021,prurigo nodularis,history,1,depression,"Comorbidities: PN is often associated with other dermatological conditions (e.g., atopic dermatitis), systemic diseases (e.g., chronic kidney disease, liver disease), and psychiatric disorders (e.g., depression, anxiety).",33-015,,,,,,
prurigo_nodularis_P022,prurigo nodularis,history,1,anxiety,"Comorbidities: PN is often associated with other dermatological conditions (e.g., atopic dermatitis), systemic diseases (e.g., chronic kidney disease, liver disease), and psychiatric disorders (e.g., depression, anxiety).",33-015,,,,,,
prurigo_nodularis_P023,prurigo nodularis,history,1,"dermatological, systemic and psychiatric comorbidities","The condition is often associated with other dermatological, systemic, and psychiatric comorbidities.",33-019,,,,,,
sarcoidosis_P001,sarcoidosis,lab,1,noncaseating granulomas,"Sarcoidosis is a systemic granulomatous disease characterized by the formation of noncaseating granulomas. || Lymph Node Biopsy: Histological confirmation of noncaseating granulomas in lymph nodes is a key diagnostic step. || Skin Biopsy: Erythema nodosum, lupus pernio, and other skin lesions may show noncaseating granulomas. || Key diagnostic features include bilateral hilar lymphadenopathy, noncaseating granulomas, and elevated serum ACE levels.",35-001;35-014;35-017;35-030,,,,,,
sarcoidosis_P002,sarcoidosis,location,1,"involvement of the lungs, lymph nodes, skin and eyes","It can affect any organ, but most commonly involves the lungs, lymph nodes, skin, and eyes.",35-002,,,,,,
sarcoidosis_P003,sarcoidosis,history,1,idiopathic etiology,"The disease is idiopathic, meaning its cause is unknown, and it can present with a wide range of clinical manifestations.",35-003,,,,,,
sarcoidosis_P004,sarcoidosis,lab,1,elevated white blood cell count,"White Blood Cell Count (WBC): Elevated WBC can be seen, particularly in active disease.",35-005,,,,,,
sarcoidosis_P005,sarcoidosis,lab,1,elevated C-reactive protein,C-Reactive Protein (CRP): Elevated CRP levels may indicate active inflammation.,35-006,,,,,,
sarcoidosis_P006,sarcoidosis,lab,1,elevated serum angiotensin-converting enzyme,"Angiotensin-Converting Enzyme (ACE): Elevated serum ACE levels are often found in sarcoidosis, but this is not specific and can be normal in some patients. || Key diagnostic features include bilateral hilar lymphadenopathy, noncaseating granulomas, and elevated serum ACE levels.",35-007;35-030,,,,,,
sarcoidosis_P007,sarcoidosis,lab,1,elevated erythrocyte sedimentation rate,Erythrocyte Sedimentation Rate (ESR): Elevated ESR can indicate active inflammation.,35-008,,,,,,
sarcoidosis_P008,sarcoidosis,lab,1,"increased bronchoalveolar lavage lymphocytes, particularly CD4+ T cells","Bronchoalveolar Lavage (BAL): Increased lymphocytes, particularly CD4+ T cells, in BAL fluid can support the diagnosis. || Radiological findings such as nodular or reticular opacities on HRCT and increased lymphocytes in BAL fluid are also crucial.",35-009;35-031,,,,,,
sarcoidosis_P009,sarcoidosis,lab,1,hypercalcemia,"Serum Calcium and Vitamin D: Hypercalcemia and hypercalciuria can occur due to increased 1,25-dihydroxyvitamin D production by activated macrophages.",35-010,,,,,,
sarcoidosis_P010,sarcoidosis,lab,1,hypercalciuria,"Serum Calcium and Vitamin D: Hypercalcemia and hypercalciuria can occur due to increased 1,25-dihydroxyvitamin D production by activated macrophages.",35-010,,,,,,
sarcoidosis_P011,sarcoidosis,lab,1,"increased 1,25-dihydroxyvitamin D production by activated macrophages","Serum Calcium and Vitamin D: Hypercalcemia and hypercalciuria can occur due to increased 1,25-dihydroxyvitamin D production by activated macrophages.",35-010,,,,,,
sarcoidosis_P012,sarcoidosis,lab,1,bilateral hilar lymphadenopathy,"Chest X-ray (CXR): Bilateral hilar lymphadenopathy is a classic finding. Pulmonary infiltrates, nodules, and fibrosis may also be present. || Key diagnostic features include bilateral hilar lymphadenopathy, noncaseating granulomas, and elevated serum ACE levels.",35-011;35-030,,,,,,
sarcoidosis_P013,sarcoidosis,lab,1,pulmonary infiltrates,"Chest X-ray (CXR): Bilateral hilar lymphadenopathy is a classic finding. Pulmonary infiltrates, nodules, and fibrosis may also be present.",35-011,,,,,,
sarcoidosis_P014,sarcoidosis,lab,1,pulmonary nodules,"Chest X-ray (CXR): Bilateral hilar lymphadenopathy is a classic finding. Pulmonary infiltrates, nodules, and fibrosis may also be present.",35-011,,,,,,
sarcoidosis_P015,sarcoidosis,lab,1,pulmonary fibrosis,"Chest X-ray (CXR): Bilateral hilar lymphadenopathy is a classic finding. Pulmonary infiltrates, nodules, and fibrosis may also be present.",35-011,,,,,,
sarcoidosis_P016,sarcoidosis,lab,1,nodular or reticular pulmonary opacities on high-resolution computed tomography,"High-Resolution Computed Tomography (HRCT): HRCT can show nodular or reticular opacities, bronchovascular thickening, and lymphadenopathy. It is more sensitive than CXR for detecting early or subtle changes. || Radiological findings such as nodular or reticular opacities on HRCT and increased lymphocytes in BAL fluid are also crucial.",35-012;35-031,,,,,,
sarcoidosis_P017,sarcoidosis,lab,1,bronchovascular thickening on high-resolution computed tomography,"High-Resolution Computed Tomography (HRCT): HRCT can show nodular or reticular opacities, bronchovascular thickening, and lymphadenopathy. It is more sensitive than CXR for detecting early or subtle changes.",35-012,,,,,,
sarcoidosis_P018,sarcoidosis,lab,1,lymphadenopathy on high-resolution computed tomography,"High-Resolution Computed Tomography (HRCT): HRCT can show nodular or reticular opacities, bronchovascular thickening, and lymphadenopathy. It is more sensitive than CXR for detecting early or subtle changes.",35-012,,,,,,
sarcoidosis_P019,sarcoidosis,lab,1,active granulomatous inflammation on positron emission tomography,Positron Emission Tomography (PET): PET can help in identifying active granulomatous inflammation and is useful in monitoring treatment response.,35-013,,,,,,
sarcoidosis_P020,sarcoidosis,lab,1,noncaseating granulomas in lymph nodes,Lymph Node Biopsy: Histological confirmation of noncaseating granulomas in lymph nodes is a key diagnostic step.,35-014,,,,,,
sarcoidosis_P021,sarcoidosis,lab,1,restrictive lung disease,"Pulmonary Function Tests (PFTs): Restrictive lung disease, decreased diffusing capacity for carbon monoxide (DLCO), and airflow obstruction may be observed.",35-015,,,,,,
sarcoidosis_P022,sarcoidosis,lab,1,decreased diffusing capacity for carbon monoxide,"Pulmonary Function Tests (PFTs): Restrictive lung disease, decreased diffusing capacity for carbon monoxide (DLCO), and airflow obstruction may be observed.",35-015,,,,,,
sarcoidosis_P023,sarcoidosis,lab,1,airflow obstruction,"Pulmonary Function Tests (PFTs): Restrictive lung disease, decreased diffusing capacity for carbon monoxide (DLCO), and airflow obstruction may be observed.",35-015,,,,,,
sarcoidosis_P024,sarcoidosis,morphology,1,uveitis,"Ophthalmological Examination: Uveitis, conjunctivitis, and other ocular manifestations can be present.",35-016,,,,,,
sarcoidosis_P025,sarcoidosis,morphology,1,conjunctivitis,"Ophthalmological Examination: Uveitis, conjunctivitis, and other ocular manifestations can be present.",35-016,,,,,,
sarcoidosis_P026,sarcoidosis,morphology,1,ocular manifestations,"Ophthalmological Examination: Uveitis, conjunctivitis, and other ocular manifestations can be present.",35-016,,,,,,
sarcoidosis_P027,sarcoidosis,morphology,1,erythema nodosum,"Skin Biopsy: Erythema nodosum, lupus pernio, and other skin lesions may show noncaseating granulomas. || Skin Lesions: Erythema nodosum, lupus pernio, and other granulomatous skin lesions.",35-017;35-020,,,,,,
sarcoidosis_P028,sarcoidosis,morphology,1,lupus pernio,"Skin Biopsy: Erythema nodosum, lupus pernio, and other skin lesions may show noncaseating granulomas. || Skin Lesions: Erythema nodosum, lupus pernio, and other granulomatous skin lesions.",35-017;35-020,WARN:OTHER_LABEL_NAME(lupus erythematosus:lupus; lupus subacute:lupus),,,,,
sarcoidosis_P029,sarcoidosis,morphology,1,granulomatous skin lesions,"Skin Biopsy: Erythema nodosum, lupus pernio, and other skin lesions may show noncaseating granulomas. || Skin Lesions: Erythema nodosum, lupus pernio, and other granulomatous skin lesions.",35-017;35-020,,,,,,
sarcoidosis_P030,sarcoidosis,symptom,1,"cough, shortness of breath and chest pain","Respiratory Symptoms: Cough, shortness of breath, and chest pain.",35-018,,,,,,
sarcoidosis_P031,sarcoidosis,symptom,1,"fatigue, weight loss, fever and night sweats","General Symptoms: Fatigue, weight loss, fever, and night sweats.",35-019,,,,,,
sarcoidosis_P032,sarcoidosis,symptom,1,"blurred vision, eye pain and redness","Ocular Symptoms: Blurred vision, eye pain, and redness.",35-021,,,,,,
sarcoidosis_P033,sarcoidosis,symptom,1,"arrhythmias, heart failure and conduction abnormalities","Cardiac Symptoms: Arrhythmias, heart failure, and conduction abnormalities.",35-022,,,,,,
sarcoidosis_P034,sarcoidosis,symptom,1,cranial nerve palsies,"Neurological Symptoms: Cranial nerve palsies, peripheral neuropathy, and seizures.",35-023,,,,,,
sarcoidosis_P035,sarcoidosis,symptom,1,peripheral neuropathy,"Neurological Symptoms: Cranial nerve palsies, peripheral neuropathy, and seizures.",35-023,,,,,,
sarcoidosis_P036,sarcoidosis,symptom,1,seizures,"Neurological Symptoms: Cranial nerve palsies, peripheral neuropathy, and seizures.",35-023,,,,,,
sarcoidosis_P037,sarcoidosis,symptom,1,arthralgia and myalgia,Musculoskeletal Symptoms: Arthralgia and myalgia.,35-024,,,,,,
scabies_P001,scabies,lab,1,Sarcoptes scabiei var. hominis infestation,Scabies is a highly contagious skin infestation caused by the mite Sarcoptes scabiei var. hominis. || Scabies is a highly contagious skin infestation caused by the mite Sarcoptes scabiei var. hominis.,36-001;36-017,,,,,,
scabies_P002,scabies,symptom,1,intense nocturnal itching,"It is characterized by intense itching, especially at night, and the presence of small, red, itchy lesions. || Intense Itching: Particularly at night, which is a hallmark symptom. || Key diagnostic features include intense itching, especially at night, and the presence of small, red, itchy lesions, particularly in the web spaces between fingers, wrists, elbows, axillae, buttocks, and groin.",36-002;36-011;36-018,,,,,,
scabies_P003,scabies,morphology,1,small red itchy lesions,"It is characterized by intense itching, especially at night, and the presence of small, red, itchy lesions. || Skin Lesions: Small, red, itchy bumps or blisters, often found in the web spaces between fingers, wrists, elbows, axillae, buttocks, and groin. || Key diagnostic features include intense itching, especially at night, and the presence of small, red, itchy lesions, particularly in the web spaces between fingers, wrists, elbows, axillae, buttocks, and groin.",36-002;36-008;36-018,,,,,,
scabies_P004,scabies,history,1,childhood,"Scabies can affect anyone, but it is more common in children, the elderly, and immunocompromised individuals.",36-003,,,,,,
scabies_P005,scabies,history,1,elderly age,"Scabies can affect anyone, but it is more common in children, the elderly, and immunocompromised individuals.",36-003,,,,,,
scabies_P006,scabies,history,1,immunocompromised status,"Scabies can affect anyone, but it is more common in children, the elderly, and immunocompromised individuals. || Crusted Scabies: In immunocompromised individuals, the condition can present as thick, crusty skin with a large number of mites, leading to severe itching and a high risk of secondary infections. || Atypical Presentations: In infants, the head, neck, palms, and soles may be involved. In immunocompromised individuals, crusted scabies can present with widespread, thick, crusty lesions. || Risk Factors: Living in high-risk areas, poor hygiene, immunocompromised status, and crowded living conditions. || In immunocompromised individuals, crusted scabies can present with thick, crusty skin and a high number of mites.",36-003;36-010;36-014;36-015;36-020,,,,,,
scabies_P007,scabies,morphology,1,mite burrows in the upper skin layer,"The mite burrows into the upper layer of the skin to lay eggs, leading to an allergic reaction and subsequent symptoms.",36-004,,,,,,
scabies_P008,scabies,lab,1,mites in skin scrapings,"Skin Scrapings: Microscopic examination of skin scrapings from burrows can reveal the mites, eggs, or fecal matter.",36-005,,,,,,
scabies_P009,scabies,lab,1,mite eggs in skin scrapings,"Skin Scrapings: Microscopic examination of skin scrapings from burrows can reveal the mites, eggs, or fecal matter.",36-005,,,,,,
scabies_P010,scabies,lab,1,mite fecal matter in skin scrapings,"Skin Scrapings: Microscopic examination of skin scrapings from burrows can reveal the mites, eggs, or fecal matter.",36-005,,,,,,
scabies_P011,scabies,lab,1,burrows on dermoscopy,Dermoscopy: Can help identify burrows and mites.,36-006,,,,,,
scabies_P012,scabies,lab,1,mites on dermoscopy,Dermoscopy: Can help identify burrows and mites.,36-006,,,,,,
scabies_P013,scabies,location,1,"lesions in finger web spaces, wrists, elbows, axillae, buttocks and groin","Skin Lesions: Small, red, itchy bumps or blisters, often found in the web spaces between fingers, wrists, elbows, axillae, buttocks, and groin. || Key diagnostic features include intense itching, especially at night, and the presence of small, red, itchy lesions, particularly in the web spaces between fingers, wrists, elbows, axillae, buttocks, and groin.",36-008;36-018,,,,,,
scabies_P014,scabies,morphology,1,thin pencil-like skin burrows 2-10 mm long,"Burrows: Thin, pencil-like lines on the skin, typically 2-10 mm long, which are the tracks made by the mites.",36-009,,,,,,
scabies_P015,scabies,lab,1,high mite burden,"Crusted Scabies: In immunocompromised individuals, the condition can present as thick, crusty skin with a large number of mites, leading to severe itching and a high risk of secondary infections. || In immunocompromised individuals, crusted scabies can present with thick, crusty skin and a high number of mites.",36-010;36-020,,,,,,
scabies_P016,scabies,symptom,1,severe itching,"Crusted Scabies: In immunocompromised individuals, the condition can present as thick, crusty skin with a large number of mites, leading to severe itching and a high risk of secondary infections.",36-010,,,,,,
scabies_P017,scabies,history,1,close contact with an infected individual,"History of Exposure: Close contact with an infected individual, especially in crowded settings like nursing homes, daycare centers, and prisons.",36-012,,,,,,
scabies_P018,scabies,history,1,exposure in crowded settings,"History of Exposure: Close contact with an infected individual, especially in crowded settings like nursing homes, daycare centers, and prisons.",36-012,,,,,,
scabies_P019,scabies,history,1,family members or close contacts with similar symptoms,Family or Close Contact Involvement: Multiple family members or close contacts with similar symptoms.,36-013,,,,,,
scabies_P020,scabies,location,1,"lesions on the head, neck, palms and soles in infants","Atypical Presentations: In infants, the head, neck, palms, and soles may be involved. In immunocompromised individuals, crusted scabies can present with widespread, thick, crusty lesions.",36-014,,,,,,
scabies_P021,scabies,morphology,1,widespread thick crusty lesions,"Crusted Scabies: In immunocompromised individuals, the condition can present as thick, crusty skin with a large number of mites, leading to severe itching and a high risk of secondary infections. || In immunocompromised individuals, crusted scabies can present with thick, crusty skin and a high number of mites. || Atypical Presentations: In infants, the head, neck, palms, and soles may be involved. In immunocompromised individuals, crusted scabies can present with widespread, thick, crusty lesions.",36-010;36-020;36-014,,,,,,
scabies_P022,scabies,history,1,living in high-risk areas,"Risk Factors: Living in high-risk areas, poor hygiene, immunocompromised status, and crowded living conditions.",36-015,,,,,,
scabies_P023,scabies,history,1,poor hygiene,"Risk Factors: Living in high-risk areas, poor hygiene, immunocompromised status, and crowded living conditions.",36-015,,,,,,
scabies_P024,scabies,history,1,crowded living conditions,"Risk Factors: Living in high-risk areas, poor hygiene, immunocompromised status, and crowded living conditions.",36-015,,,,,,
scleroderma_P001,scleroderma,morphology,1,progressive skin fibrosis,"Scleroderma, also known as systemic sclerosis, is a rare and complex autoimmune connective tissue disease characterized by progressive skin fibrosis and involvement of internal organs.",37-001,,,,,,
scleroderma_P002,scleroderma,history,1,localized cutaneous form,It can be divided into two main subgroups: localized scleroderma (morphea) and systemic scleroderma.,37-002,,,,,,
scleroderma_P003,scleroderma,history,1,systemic form,It can be divided into two main subgroups: localized scleroderma (morphea) and systemic scleroderma.,37-002,,,,,,
scleroderma_P004,scleroderma,history,1,limited cutaneous form,Systemic scleroderma is further classified into limited cutaneous systemic sclerosis (LCSS) and diffuse cutaneous systemic sclerosis (DCSS).,37-003,,,,,,
scleroderma_P005,scleroderma,history,1,diffuse cutaneous form,Systemic scleroderma is further classified into limited cutaneous systemic sclerosis (LCSS) and diffuse cutaneous systemic sclerosis (DCSS).,37-003,,,,,,
scleroderma_P006,scleroderma,morphology,1,skin thickening and hardening,"The hallmark of the disease is skin thickening and hardening, but it can also affect the lungs, kidneys, heart, and gastrointestinal tract. || Scleroderma is a complex autoimmune disease characterized by skin thickening and internal organ involvement. || Key diagnostic features include the presence of specific autoantibodies, elevated inflammatory markers, and radiological findings such as skin thickening, Raynaud's phenomenon, and internal organ involvement.",37-004;37-036;37-037,,,,,,
scleroderma_P007,scleroderma,location,1,"involvement of the lungs, kidneys, heart and gastrointestinal tract","Scleroderma, also known as systemic sclerosis, is a rare and complex autoimmune connective tissue disease characterized by progressive skin fibrosis and involvement of internal organs. || Scleroderma is a complex autoimmune disease characterized by skin thickening and internal organ involvement. || Key diagnostic features include the presence of specific autoantibodies, elevated inflammatory markers, and radiological findings such as skin thickening, Raynaud's phenomenon, and internal organ involvement. || The hallmark of the disease is skin thickening and hardening, but it can also affect the lungs, kidneys, heart, and gastrointestinal tract.",37-001;37-036;37-037;37-004,,,,,,
scleroderma_P008,scleroderma,lab,1,positive antinuclear antibodies,Anti-nuclear antibodies (ANA): Almost always positive in systemic scleroderma.,37-005,,,,,,
scleroderma_P009,scleroderma,lab,1,anti-centromere antibodies,Anti-centromere antibodies (ACA): Common in LCSS.,37-006,,,,,,
scleroderma_P010,scleroderma,lab,1,anti-topoisomerase I antibodies,Anti-topoisomerase I (anti-Scl-70): Common in DCSS.,37-007,,,,,,
scleroderma_P011,scleroderma,lab,1,anti-RNA polymerase III antibodies,Anti-RNA polymerase III: Associated with a higher risk of renal crisis.,37-008,,,,,,
scleroderma_P012,scleroderma,lab,1,elevated C-reactive protein,C-reactive protein (CRP): May be elevated in active disease.,37-009,,,,,,
scleroderma_P013,scleroderma,lab,1,elevated erythrocyte sedimentation rate,Erythrocyte sedimentation rate (ESR): May be elevated in active disease.,37-010,,,,,,
scleroderma_P014,scleroderma,lab,1,interstitial lung disease,High-resolution computed tomography (HRCT): To detect interstitial lung disease (ILD) and pulmonary fibrosis. || Lung disease: Interstitial lung disease (ILD) and pulmonary arterial hypertension (PAH).,37-013;37-032,,,,,,
scleroderma_P015,scleroderma,lab,1,pulmonary fibrosis,High-resolution computed tomography (HRCT): To detect interstitial lung disease (ILD) and pulmonary fibrosis.,37-013,,,,,,
scleroderma_P016,scleroderma,location,1,pulmonary arterial hypertension,"Pulmonary function tests (PFTs): To assess lung function and detect pulmonary arterial hypertension (PAH). || Pulmonary arterial hypertension (PAH): Detected by echocardiography and right heart catheterization. || Echocardiography: To assess for PAH and other cardiac involvement. || Lung disease: Interstitial lung disease (ILD) and pulmonary arterial hypertension (PAH). || Heart disease: Cardiac involvement, including PAH.",37-014;37-023;37-024;37-032;37-034,,,,,,
scleroderma_P017,scleroderma,morphology,1,thickening and tightening of finger skin,Sclerodactyly: Thickening and tightening of the skin on the fingers.,37-015,,,,,,
scleroderma_P018,scleroderma,morphology,1,shiny skin appearance,Shiny skin appearance: Due to excessive collagen deposition.,37-016,,,,,,
scleroderma_P019,scleroderma,symptom,1,restricted movement in affected areas,Restricted movement: Limited range of motion in affected areas.,37-017,,,,,,
scleroderma_P020,scleroderma,morphology,1,calcium deposition in the skin and subcutaneous tissues,Calcinosis: Deposition of calcium in the skin and subcutaneous tissues.,37-018,,,,,,
scleroderma_P021,scleroderma,morphology,1,visible dilated cutaneous blood vessels,Telangiectasia: Small dilated blood vessels visible on the skin.,37-019,,,,,,
scleroderma_P022,scleroderma,history,1,"cold-induced finger and toe color changes (white, blue, red)","Cold-induced vasospasm: Characterized by color changes in the fingers and toes (white, blue, red). || Key diagnostic features include the presence of specific autoantibodies, elevated inflammatory markers, and radiological findings such as skin thickening, Raynaud's phenomenon, and internal organ involvement.",37-020;37-037,,,,,,
scleroderma_P023,scleroderma,symptom,1,gastroesophageal reflux,"Gastroesophageal reflux disease (GERD): Common in scleroderma patients. || Gastrointestinal disease: Esophageal dysmotility, GERD, and small bowel involvement.",37-021;37-035,,,,,,
scleroderma_P024,scleroderma,symptom,1,"impaired movement of the esophagus, stomach and intestines","Dysmotility: Impaired movement of the esophagus, stomach, and intestines. || Gastrointestinal disease: Esophageal dysmotility, GERD, and small bowel involvement.",37-022;37-035,,,,,,
scleroderma_P025,scleroderma,location,1,cardiac involvement,"Echocardiography: To assess for PAH and other cardiac involvement. || Heart disease: Cardiac involvement, including PAH.",37-024;37-034,,,,,,
scleroderma_P026,scleroderma,location,1,renal crisis with sudden-onset hypertension and renal failure,Scleroderma renal crisis: Sudden onset of hypertension and renal failure. || Kidney disease: Scleroderma renal crisis.,37-025;37-033,,,,,,
scleroderma_P027,scleroderma,location,1,skin thickening proximal to the elbows and knees,"Proximal skin involvement: In DCSS, skin thickening extends proximal to the elbows and knees.",37-026,,,,,,
scleroderma_P028,scleroderma,location,1,skin thickening limited to the distal extremities,"Distal skin involvement: In LCSS, skin thickening is limited to the distal extremities.",37-027,,,,,,
scleroderma_P029,scleroderma,morphology,1,finger swelling before skin thickening,Early sign: Swelling of the fingers before skin thickening occurs.,37-028,,,,,,
scleroderma_P030,scleroderma,morphology,1,fingertip pitting scars,Pitting scars: Small depressions on the fingertips.,37-029,,,,,,
scleroderma_P031,scleroderma,morphology,1,fingertip ulcers,Digital ulcers: Open sores on the fingertips.,37-030,,,,,,
scleroderma_P032,scleroderma,lab,1,enlarged tortuous nailfold capillaries,Capillaroscopy: Enlarged and tortuous capillaries in the nailfold.,37-031,,,,,,
scleroderma_P033,scleroderma,location,1,small bowel involvement,"Gastrointestinal disease: Esophageal dysmotility, GERD, and small bowel involvement.",37-035,,,,,,
scleroderma_P034,scleroderma,lab,1,disease-specific autoantibodies,"Key diagnostic features include the presence of specific autoantibodies, elevated inflammatory markers, and radiological findings such as skin thickening, Raynaud's phenomenon, and internal organ involvement.",37-037,,,,,,
scleroderma_P035,scleroderma,lab,1,elevated inflammatory markers,"Key diagnostic features include the presence of specific autoantibodies, elevated inflammatory markers, and radiological findings such as skin thickening, Raynaud's phenomenon, and internal organ involvement.",37-037,,,,,,
seborrheic_dermatitis_P001,seborrheic dermatitis,history,1,chronic relapsing course,"Seborrheic dermatitis is a common, chronic, and relapsing inflammatory skin condition that primarily affects sebaceous gland-rich areas such as the scalp, face, and chest. || Seborrheic dermatitis is a chronic inflammatory skin condition characterized by erythematous, scaly patches in sebaceous gland-rich areas.",38-001;38-022,,,,,,
seborrheic_dermatitis_P002,seborrheic dermatitis,location,1,lesions in sebaceous gland-rich areas,"Seborrheic dermatitis is a common, chronic, and relapsing inflammatory skin condition that primarily affects sebaceous gland-rich areas such as the scalp, face, and chest. || Seborrheic Areas: The condition is most commonly found in areas rich in sebaceous glands. || Seborrheic dermatitis is a chronic inflammatory skin condition characterized by erythematous, scaly patches in sebaceous gland-rich areas.",38-001;38-015;38-022,,,,,,
seborrheic_dermatitis_P003,seborrheic dermatitis,location,1,"scalp, face and chest involvement","Seborrheic dermatitis is a common, chronic, and relapsing inflammatory skin condition that primarily affects sebaceous gland-rich areas such as the scalp, face, and chest. || Scalp: Yellowish, greasy scales (dandruff) with or without erythema.",38-001;38-008,,,,,,
seborrheic_dermatitis_P004,seborrheic dermatitis,morphology,1,erythematous scaly patches,"It is characterized by erythematous, scaly, and sometimes pruritic patches. || Face: Erythematous, scaly patches in the nasolabial folds, eyebrows, and behind the ears. || Chest: Scaly, erythematous patches, often in the mid-chest area. || Seborrheic dermatitis is a chronic inflammatory skin condition characterized by erythematous, scaly patches in sebaceous gland-rich areas.",38-002;38-009;38-010;38-022,,,,,,
seborrheic_dermatitis_P005,seborrheic dermatitis,symptom,1,pruritus,"It is characterized by erythematous, scaly, and sometimes pruritic patches. || Pruritus: Itching, which can be mild to severe. || Key diagnostic features include the presence of yellowish, greasy scales, erythema, and pruritus.",38-002;38-014;38-023,,,,,,
seborrheic_dermatitis_P006,seborrheic dermatitis,history,1,age under 3 months,"The condition is more prevalent in infants (first three months of life), adolescents, and adults (peaking between 30-60 years).",38-003,,,,,,
seborrheic_dermatitis_P007,seborrheic dermatitis,history,1,adolescent age,"The condition is more prevalent in infants (first three months of life), adolescents, and adults (peaking between 30-60 years).",38-003,,,,,,
seborrheic_dermatitis_P008,seborrheic dermatitis,history,1,age 30–60 years,"The condition is more prevalent in infants (first three months of life), adolescents, and adults (peaking between 30-60 years).",38-003,,,,,,
seborrheic_dermatitis_P009,seborrheic dermatitis,history,1,immunocompromised state,"It is also more common in immunocompromised individuals, particularly those with HIV/AIDS, Parkinson's disease, and other neurological conditions. || It is more prevalent in certain age groups and in individuals with specific medical conditions, particularly those affecting the immune system.",38-004;38-025,,,,,,
seborrheic_dermatitis_P010,seborrheic dermatitis,history,1,HIV infection,"It is also more common in immunocompromised individuals, particularly those with HIV/AIDS, Parkinson's disease, and other neurological conditions. || HIV/AIDS: The prevalence of seborrheic dermatitis is significantly higher in HIV-positive individuals, often beginning when CD4 counts drop to the 450-550 cells/µL range.",38-004;38-021,,,,,,
seborrheic_dermatitis_P011,seborrheic dermatitis,history,1,Parkinson's disease,"It is also more common in immunocompromised individuals, particularly those with HIV/AIDS, Parkinson's disease, and other neurological conditions. || Neurological Conditions: Parkinson's disease, head injury, and stroke are associated with an increased risk of seborrheic dermatitis.",38-004;38-020,,,,,,
seborrheic_dermatitis_P012,seborrheic dermatitis,history,1,neurological conditions,"It is also more common in immunocompromised individuals, particularly those with HIV/AIDS, Parkinson's disease, and other neurological conditions.",38-004,,,,,,
seborrheic_dermatitis_P013,seborrheic dermatitis,lab,1,Malassezia yeasts on the skin surface,"Malassezia Yeast: The presence of Malassezia yeasts on the skin surface is a key factor in the pathogenesis of seborrheic dermatitis. While not a diagnostic test, the response to antifungal treatment can support the diagnosis. || The condition is often associated with Malassezia yeasts and can be exacerbated by various factors such as stress and cold weather.",38-005;38-024,,,,,,
seborrheic_dermatitis_P014,seborrheic dermatitis,lab,1,increased sebum production,"Sebum Levels: Increased sebum production is often associated with the condition, but direct measurement is not typically used for diagnosis.",38-006,,,,,,
seborrheic_dermatitis_P015,seborrheic dermatitis,lab,1,elevated inflammatory cytokines and chemokines in the skin,"Inflammatory Markers: Elevated levels of inflammatory cytokines and chemokines in the skin may be present, but these are not routinely measured for diagnosis.",38-007,,,,,,
seborrheic_dermatitis_P016,seborrheic dermatitis,morphology,1,yellowish greasy scales,"Scalp: Yellowish, greasy scales (dandruff) with or without erythema. || Scaling: Flaky, white to yellowish scales, often greasy in appearance. || Key diagnostic features include the presence of yellowish, greasy scales, erythema, and pruritus.",38-008;38-013;38-023,,,,,,
seborrheic_dermatitis_P017,seborrheic dermatitis,morphology,1,erythema,"Scalp: Yellowish, greasy scales (dandruff) with or without erythema. || Erythema: Red, inflamed skin in affected areas. || Key diagnostic features include the presence of yellowish, greasy scales, erythema, and pruritus.",38-008;38-012;38-023,,,,,,
seborrheic_dermatitis_P018,seborrheic dermatitis,location,1,"lesions in the nasolabial folds, eyebrows and behind the ears","Face: Erythematous, scaly patches in the nasolabial folds, eyebrows, and behind the ears.",38-009,,,,,,
seborrheic_dermatitis_P019,seborrheic dermatitis,location,1,mid-chest involvement,"Chest: Scaly, erythematous patches, often in the mid-chest area.",38-010,,,,,,
seborrheic_dermatitis_P020,seborrheic dermatitis,location,1,"involvement of flexural creases of the arms, legs and groin","Other Areas: Flexural creases of the arms, legs, and groin may also be affected.",38-011,,,,,,
seborrheic_dermatitis_P021,seborrheic dermatitis,history,1,cold weather as an exacerbating factor,"Seasonal Variation: Symptoms may worsen in cold, dry weather or during periods of stress. || The condition is often associated with Malassezia yeasts and can be exacerbated by various factors such as stress and cold weather.",38-016;38-024,,,,,,
seborrheic_dermatitis_P022,seborrheic dermatitis,history,1,stress as an exacerbating factor,"Seasonal Variation: Symptoms may worsen in cold, dry weather or during periods of stress. || Risk Factors: Stress, fatigue, weather extremes, oily skin, infrequent skin cleaning, use of alcohol-containing lotions, and underlying skin disorders can exacerbate the condition. || The condition is often associated with Malassezia yeasts and can be exacerbated by various factors such as stress and cold weather.",38-016;38-019;38-024,,,,,,
seborrheic_dermatitis_P023,seborrheic dermatitis,history,1,associated rosacea,"Associated Conditions: Seborrheic dermatitis can be associated with other skin conditions such as rosacea, blepharitis, and acne vulgaris.",38-017,,,,,,
seborrheic_dermatitis_P024,seborrheic dermatitis,history,1,associated blepharitis,"Associated Conditions: Seborrheic dermatitis can be associated with other skin conditions such as rosacea, blepharitis, and acne vulgaris.",38-017,,,,,,
seborrheic_dermatitis_P025,seborrheic dermatitis,history,1,associated acne vulgaris,"Associated Conditions: Seborrheic dermatitis can be associated with other skin conditions such as rosacea, blepharitis, and acne vulgaris.",38-017,WARN:OTHER_LABEL_NAME(acne:acne/acne vulgaris),delete,,,,chi la ten nhan khac (acne)
seborrheic_dermatitis_P026,seborrheic dermatitis,history,1,family history,Family History: A family history of seborrheic dermatitis may increase the risk.,38-018,,,,,,
seborrheic_dermatitis_P027,seborrheic dermatitis,history,1,fatigue as an exacerbating factor,"Risk Factors: Stress, fatigue, weather extremes, oily skin, infrequent skin cleaning, use of alcohol-containing lotions, and underlying skin disorders can exacerbate the condition.",38-019,,,,,,
seborrheic_dermatitis_P028,seborrheic dermatitis,history,1,weather extremes as an exacerbating factor,"Risk Factors: Stress, fatigue, weather extremes, oily skin, infrequent skin cleaning, use of alcohol-containing lotions, and underlying skin disorders can exacerbate the condition.",38-019,,,,,,
seborrheic_dermatitis_P029,seborrheic dermatitis,history,1,oily skin,"Risk Factors: Stress, fatigue, weather extremes, oily skin, infrequent skin cleaning, use of alcohol-containing lotions, and underlying skin disorders can exacerbate the condition.",38-019,,,,,,
seborrheic_dermatitis_P030,seborrheic dermatitis,history,1,infrequent skin cleaning as an exacerbating factor,"Risk Factors: Stress, fatigue, weather extremes, oily skin, infrequent skin cleaning, use of alcohol-containing lotions, and underlying skin disorders can exacerbate the condition.",38-019,,,,,,
seborrheic_dermatitis_P031,seborrheic dermatitis,history,1,alcohol-containing lotions as an exacerbating factor,"Risk Factors: Stress, fatigue, weather extremes, oily skin, infrequent skin cleaning, use of alcohol-containing lotions, and underlying skin disorders can exacerbate the condition.",38-019,,,,,,
seborrheic_dermatitis_P032,seborrheic dermatitis,history,1,underlying skin disorders,"Risk Factors: Stress, fatigue, weather extremes, oily skin, infrequent skin cleaning, use of alcohol-containing lotions, and underlying skin disorders can exacerbate the condition.",38-019,,,,,,
seborrheic_dermatitis_P033,seborrheic dermatitis,history,1,head injury,"Neurological Conditions: Parkinson's disease, head injury, and stroke are associated with an increased risk of seborrheic dermatitis.",38-020,,,,,,
seborrheic_dermatitis_P034,seborrheic dermatitis,history,1,stroke,"Neurological Conditions: Parkinson's disease, head injury, and stroke are associated with an increased risk of seborrheic dermatitis.",38-020,,,,,,
seborrheic_dermatitis_P035,seborrheic dermatitis,lab,1,CD4 count of 450–550 cells/µL at onset,"HIV/AIDS: The prevalence of seborrheic dermatitis is significantly higher in HIV-positive individuals, often beginning when CD4 counts drop to the 450-550 cells/µL range.",38-021,,,,,,
seborrheic_keratosis_P001,seborrheic-keratosis,morphology,1,benign skin tumor,"Seborrheic keratosis (SK) is the most common benign skin tumor, affecting over 80 million Americans. || Seborrheic keratosis is a benign skin condition that is common in adults and older individuals.",39-001;39-014,,,,,,
seborrheic_keratosis_P002,seborrheic-keratosis,lab,1,proliferation of immature keratinocytes,"It is characterized by the benign proliferation of immature keratinocytes, resulting in well-demarcated, round, or oval, flat-shaped macules. || Histopathology: The gold standard for diagnosing seborrheic keratosis is a skin biopsy, which shows a proliferation of keratinocytes with keratin-filled cysts, lymphocytic infiltration, and varying degrees of hyperkeratosis, acanthosis, and inflammation.",39-002;39-006,,,,,,
seborrheic_keratosis_P003,seborrheic-keratosis,morphology,1,well-demarcated round or oval flat macules,"It is characterized by the benign proliferation of immature keratinocytes, resulting in well-demarcated, round, or oval, flat-shaped macules.",39-002,,,,,,
seborrheic_keratosis_P004,seborrheic-keratosis,history,1,slow lesion growth,These lesions are typically slow-growing and can increase in thickness over time.,39-003,,,,,,
seborrheic_keratosis_P005,seborrheic-keratosis,history,1,increasing lesion thickness over time,These lesions are typically slow-growing and can increase in thickness over time.,39-003,,,,,,
seborrheic_keratosis_P006,seborrheic-keratosis,history,1,middle-aged and older age,"SK is more prevalent in middle-aged and older individuals, although it can also occur in younger adults. || Seborrheic keratosis is a benign skin condition that is common in adults and older individuals.",39-004;39-014,,,,,,
seborrheic_keratosis_P007,seborrheic-keratosis,history,1,younger adulthood,"SK is more prevalent in middle-aged and older individuals, although it can also occur in younger adults.",39-004,,,,,,
seborrheic_keratosis_P008,seborrheic-keratosis,history,-1,sex predominance,"There is no significant difference in prevalence between males and females, but it appears more frequently in populations with lighter skin tones.",39-005,INFO:NEGATIVE_POLARITY,delete,,,,khong phai dau hieu (khong khac biet gioi)
seborrheic_keratosis_P009,seborrheic-keratosis,history,1,lighter skin tones,"There is no significant difference in prevalence between males and females, but it appears more frequently in populations with lighter skin tones.",39-005,,,,,,
seborrheic_keratosis_P010,seborrheic-keratosis,lab,1,keratin-filled cysts,"Histopathology: The gold standard for diagnosing seborrheic keratosis is a skin biopsy, which shows a proliferation of keratinocytes with keratin-filled cysts, lymphocytic infiltration, and varying degrees of hyperkeratosis, acanthosis, and inflammation.",39-006,,,,,,
seborrheic_keratosis_P011,seborrheic-keratosis,lab,1,lymphocytic infiltration,"Histopathology: The gold standard for diagnosing seborrheic keratosis is a skin biopsy, which shows a proliferation of keratinocytes with keratin-filled cysts, lymphocytic infiltration, and varying degrees of hyperkeratosis, acanthosis, and inflammation.",39-006,,,,,,
seborrheic_keratosis_P012,seborrheic-keratosis,lab,1,hyperkeratosis,"Histopathology: The gold standard for diagnosing seborrheic keratosis is a skin biopsy, which shows a proliferation of keratinocytes with keratin-filled cysts, lymphocytic infiltration, and varying degrees of hyperkeratosis, acanthosis, and inflammation.",39-006,,,,,,
seborrheic_keratosis_P013,seborrheic-keratosis,lab,1,acanthosis,"Histopathology: The gold standard for diagnosing seborrheic keratosis is a skin biopsy, which shows a proliferation of keratinocytes with keratin-filled cysts, lymphocytic infiltration, and varying degrees of hyperkeratosis, acanthosis, and inflammation.",39-006,,,,,,
seborrheic_keratosis_P014,seborrheic-keratosis,lab,1,inflammation,"Histopathology: The gold standard for diagnosing seborrheic keratosis is a skin biopsy, which shows a proliferation of keratinocytes with keratin-filled cysts, lymphocytic infiltration, and varying degrees of hyperkeratosis, acanthosis, and inflammation.",39-006,,,,,,
seborrheic_keratosis_P015,seborrheic-keratosis,lab,1,comedo-like openings,"Dermoscopy: Common dermoscopic observations include comedo-like openings, milia-like cysts, gyri and sulci, and hairpin vessels. Features of melanocytic lesions, like pigment networks or globules, are absent in heavily pigmented seborrheic keratoses.",39-007,,,,,,
seborrheic_keratosis_P016,seborrheic-keratosis,lab,1,milia-like cysts,"Dermoscopy: Common dermoscopic observations include comedo-like openings, milia-like cysts, gyri and sulci, and hairpin vessels. Features of melanocytic lesions, like pigment networks or globules, are absent in heavily pigmented seborrheic keratoses.",39-007,,,,,,
seborrheic_keratosis_P017,seborrheic-keratosis,lab,1,gyri and sulci,"Dermoscopy: Common dermoscopic observations include comedo-like openings, milia-like cysts, gyri and sulci, and hairpin vessels. Features of melanocytic lesions, like pigment networks or globules, are absent in heavily pigmented seborrheic keratoses.",39-007,,,,,,
seborrheic_keratosis_P018,seborrheic-keratosis,lab,1,hairpin vessels,"Dermoscopy: Common dermoscopic observations include comedo-like openings, milia-like cysts, gyri and sulci, and hairpin vessels. Features of melanocytic lesions, like pigment networks or globules, are absent in heavily pigmented seborrheic keratoses.",39-007,,,,,,
seborrheic_keratosis_P019,seborrheic-keratosis,lab,-1,pigment networks or globules in heavily pigmented lesions,"Dermoscopy: Common dermoscopic observations include comedo-like openings, milia-like cysts, gyri and sulci, and hairpin vessels. Features of melanocytic lesions, like pigment networks or globules, are absent in heavily pigmented seborrheic keratoses.",39-007,INFO:NEGATIVE_POLARITY,,,,,
seborrheic_keratosis_P020,seborrheic-keratosis,morphology,1,dull waxy verrucous surface with a stuck-on appearance,"Clinical Presentation: Seborrheic keratoses have a dull, waxy, verrucous surface, resulting in their characteristic ""stuck-on"" appearance. The color can vary from light to dark brown, yellow, and grey. They can present as an isolated lesion or as tens or even hundreds of lesions.",39-008,,,,,,
seborrheic_keratosis_P021,seborrheic-keratosis,morphology,1,"light to dark brown, yellow, or grey color","Clinical Presentation: Seborrheic keratoses have a dull, waxy, verrucous surface, resulting in their characteristic ""stuck-on"" appearance. The color can vary from light to dark brown, yellow, and grey. They can present as an isolated lesion or as tens or even hundreds of lesions.",39-008,,,,,,
seborrheic_keratosis_P022,seborrheic-keratosis,location,1,isolated or numerous lesions,"Clinical Presentation: Seborrheic keratoses have a dull, waxy, verrucous surface, resulting in their characteristic ""stuck-on"" appearance. The color can vary from light to dark brown, yellow, and grey. They can present as an isolated lesion or as tens or even hundreds of lesions.",39-008,,,,,,
seborrheic_keratosis_P023,seborrheic-keratosis,location,-1,"lesions on the palms, soles, and mucous membranes","Location: These tumors can generally occur anywhere on the body except for the palms, soles, and mucous membranes. They frequently aggregate on the face, scalp, trunk, inframammary folds, arms, and legs. Skin folds may exhibit pedunculation, and the back may exhibit a ""Christmas tree"" pattern due to the distribution of lesions along Blaschko lines.",39-009,INFO:NEGATIVE_POLARITY,,,,,
seborrheic_keratosis_P024,seborrheic-keratosis,location,1,"lesions on the face, scalp, trunk, inframammary folds, arms, and legs","Location: These tumors can generally occur anywhere on the body except for the palms, soles, and mucous membranes. They frequently aggregate on the face, scalp, trunk, inframammary folds, arms, and legs. Skin folds may exhibit pedunculation, and the back may exhibit a ""Christmas tree"" pattern due to the distribution of lesions along Blaschko lines.",39-009,,,,,,
seborrheic_keratosis_P025,seborrheic-keratosis,morphology,1,pedunculated lesions in skin folds,"Location: These tumors can generally occur anywhere on the body except for the palms, soles, and mucous membranes. They frequently aggregate on the face, scalp, trunk, inframammary folds, arms, and legs. Skin folds may exhibit pedunculation, and the back may exhibit a ""Christmas tree"" pattern due to the distribution of lesions along Blaschko lines.",39-009,,,,,,
seborrheic_keratosis_P026,seborrheic-keratosis,location,1,Christmas tree pattern on the back along Blaschko lines,"Location: These tumors can generally occur anywhere on the body except for the palms, soles, and mucous membranes. They frequently aggregate on the face, scalp, trunk, inframammary folds, arms, and legs. Skin folds may exhibit pedunculation, and the back may exhibit a ""Christmas tree"" pattern due to the distribution of lesions along Blaschko lines.",39-009,,,,,,
seborrheic_keratosis_P027,seborrheic-keratosis,symptom,1,pruritus or mild pain in inflamed or irritated lesions,"Symptoms: Seborrheic keratoses rarely manifest any symptoms. However, pruritus and/or mild pain may be associated with inflamed or irritated lesions, particularly those situated in skin folds or subject to persistent irritation from clothing friction.",39-010,,,,,,
seborrheic_keratosis_P028,seborrheic-keratosis,history,1,clothing friction,"Symptoms: Seborrheic keratoses rarely manifest any symptoms. However, pruritus and/or mild pain may be associated with inflamed or irritated lesions, particularly those situated in skin folds or subject to persistent irritation from clothing friction.",39-010,,,,,,
seborrheic_keratosis_P029,seborrheic-keratosis,history,1,sudden appearance of multiple lesions,"Sign of Leser-Trelat: The sudden appearance of multiple seborrheic keratoses can be a sign of internal malignancy, particularly gastrointestinal or pulmonary carcinomas. This sign should prompt a thorough history and physical examination, as well as age-appropriate cancer screening and additional labs based on risk factors and patient history. || The sign of Leser-Trelat, characterized by the sudden appearance of multiple seborrheic keratoses, should prompt further investigation for underlying malignancies.",39-012;39-018,,,,,,
seborrheic_keratosis_P030,seborrheic-keratosis,symptom,-1,skin symptoms,"While it is typically asymptomatic, it can be cosmetically concerning and may require removal for aesthetic reasons or if it becomes irritated.",39-015,INFO:NEGATIVE_POLARITY,,,,,
seborrheic_keratosis_P031,seborrheic-keratosis,symptom,1,lesion irritation,"While it is typically asymptomatic, it can be cosmetically concerning and may require removal for aesthetic reasons or if it becomes irritated.",39-015,,,,,,
squamous_cell_carcinoma_in_situ_P001,squamous-cell-carcinoma-in-situ,lab,1,abnormal squamous cells without basement membrane invasion,Squamous-cell carcinoma in situ (SCCIS) is a precancerous condition characterized by the presence of abnormal squamous cells that have not yet invaded the basement membrane.,41-001,ERROR:NEGATION_WORD(without),edit,abnormal squamous cells confined to the epidermis,,,"ERROR: tu ""without"""
squamous_cell_carcinoma_in_situ_P002,squamous-cell-carcinoma-in-situ,location,1,"involvement of the skin, cervix or oropharynx","SCCIS can occur in various locations, including the skin, cervix, and oropharynx.",41-003,,,,,,
squamous_cell_carcinoma_in_situ_P003,squamous-cell-carcinoma-in-situ,lab,1,atypical squamous cells throughout the full thickness of the epidermis,"Histopathology: Histological examination of a biopsy is essential for diagnosing SCCIS. The presence of atypical squamous cells throughout the full thickness of the epidermis, without invasion into the dermis, is a key finding.",41-005,,,,,,
squamous_cell_carcinoma_in_situ_P004,squamous-cell-carcinoma-in-situ,lab,-1,dermal invasion,"Histopathology: Histological examination of a biopsy is essential for diagnosing SCCIS. The presence of atypical squamous cells throughout the full thickness of the epidermis, without invasion into the dermis, is a key finding.",41-005,INFO:NEGATIVE_POLARITY,,,,,
squamous_cell_carcinoma_in_situ_P005,squamous-cell-carcinoma-in-situ,lab,1,cytokeratin 5/6 and AE1/AE3 positivity,"Immunohistochemistry: Staining for cytokeratins 5/6 and AE1/AE3 can help confirm the diagnosis, especially in poorly differentiated cases.",41-006,,,,,,
squamous_cell_carcinoma_in_situ_P006,squamous-cell-carcinoma-in-situ,history,1,human papillomavirus infection,"HPV Testing: In certain locations, such as the cervix and oropharynx, testing for human papillomavirus (HPV) can be useful, as HPV infection is a known risk factor for SCCIS. || Risk Factors: Long-term exposure to ultraviolet (UV) radiation, immunosuppression, and HPV infection are significant risk factors for SCCIS.",41-007;41-014,,,,,,
squamous_cell_carcinoma_in_situ_P007,squamous-cell-carcinoma-in-situ,morphology,1,red scaly or crusty patch,"Skin: SCCIS typically appears as a red, scaly, or crusty patch on the skin, often on sun-exposed areas such as the lower legs, head, and neck.",41-008,,,,,,
squamous_cell_carcinoma_in_situ_P008,squamous-cell-carcinoma-in-situ,location,1,"lesions on sun-exposed lower legs, head or neck","Skin: SCCIS typically appears as a red, scaly, or crusty patch on the skin, often on sun-exposed areas such as the lower legs, head, and neck.",41-008,,,,,,
squamous_cell_carcinoma_in_situ_P009,squamous-cell-carcinoma-in-situ,lab,1,abnormal squamous cells on Pap smear,"Cervix: Cervical SCCIS may be detected through Pap smears, which can show abnormal squamous cells. Colposcopy can help visualize the lesion and guide biopsy.",41-009,,,,,,
squamous_cell_carcinoma_in_situ_P010,squamous-cell-carcinoma-in-situ,location,1,cervical involvement,"Cervix: Cervical SCCIS may be detected through Pap smears, which can show abnormal squamous cells. Colposcopy can help visualize the lesion and guide biopsy.",41-009,,,,,,
squamous_cell_carcinoma_in_situ_P011,squamous-cell-carcinoma-in-situ,history,1,persistent non-healing scaly or crusty lesions,"Skin: Persistent, non-healing, scaly, or crusty lesions that do not respond to routine treatments.",41-011,,,,,,
squamous_cell_carcinoma_in_situ_P012,squamous-cell-carcinoma-in-situ,history,1,lesions unresponsive to routine treatments,"Skin: Persistent, non-healing, scaly, or crusty lesions that do not respond to routine treatments.",41-011,,,,,,
squamous_cell_carcinoma_in_situ_P013,squamous-cell-carcinoma-in-situ,lab,1,high-grade squamous intraepithelial lesions on Pap smear,"Cervix: Abnormal Pap smear results, particularly showing high-grade squamous intraepithelial lesions (HSIL).",41-012,,,,,,
squamous_cell_carcinoma_in_situ_P014,squamous-cell-carcinoma-in-situ,morphology,1,persistent red or white patches,"Oropharynx: Persistent red or white patches in the mouth, throat, or tonsillar areas that do not resolve with standard treatments.",41-013,,,,,,
squamous_cell_carcinoma_in_situ_P015,squamous-cell-carcinoma-in-situ,location,1,"patches in the mouth, throat or tonsillar areas","Oropharynx: Persistent red or white patches in the mouth, throat, or tonsillar areas that do not resolve with standard treatments.",41-013,,,,,,
squamous_cell_carcinoma_in_situ_P016,squamous-cell-carcinoma-in-situ,history,1,patches unresponsive to standard treatments,"Oropharynx: Persistent red or white patches in the mouth, throat, or tonsillar areas that do not resolve with standard treatments.",41-013,,,,,,
squamous_cell_carcinoma_in_situ_P017,squamous-cell-carcinoma-in-situ,history,1,long-term ultraviolet radiation exposure,"Risk Factors: Long-term exposure to ultraviolet (UV) radiation, immunosuppression, and HPV infection are significant risk factors for SCCIS.",41-014,,,,,,
squamous_cell_carcinoma_in_situ_P018,squamous-cell-carcinoma-in-situ,history,1,immunosuppression,"Risk Factors: Long-term exposure to ultraviolet (UV) radiation, immunosuppression, and HPV infection are significant risk factors for SCCIS.",41-014,,,,,,
squamous_cell_carcinoma_in_situ_P019,squamous-cell-carcinoma-in-situ,history,1,familial clustering,"Familial Risk: There is evidence of familial clustering, suggesting a genetic predisposition in some cases.",41-016,,,,,,
squamous_cell_carcinoma_in_situ_P020,squamous-cell-carcinoma-in-situ,history,1,genetic predisposition,"Familial Risk: There is evidence of familial clustering, suggesting a genetic predisposition in some cases.",41-016,,,,,,
stevens_johnson_syndrome_P001,stevens johnson syndrome,morphology,1,mucocutaneous reactions,"Stevens-Johnson Syndrome (SJS) is a severe, life-threatening condition characterized by mucocutaneous reactions.",42-001,,,,,,
stevens_johnson_syndrome_P002,stevens johnson syndrome,history,1,medication exposure as a trigger,"It is often a hypersensitivity reaction to medications, infections, or, rarely, other triggers.",42-002,,,,,,
stevens_johnson_syndrome_P003,stevens johnson syndrome,history,1,infection as a trigger,"It is often a hypersensitivity reaction to medications, infections, or, rarely, other triggers.",42-002,,,,,,
stevens_johnson_syndrome_P004,stevens johnson syndrome,location,1,skin involvement below 10% body surface area,"SJS is considered a milder form of toxic epidermal necrolysis (TEN), with the primary distinction being the extent of skin involvement. || SJS involves less than 10% of the body surface area (BSA), while TEN involves more than 30% BSA.",42-003;42-004,,,,,,
stevens_johnson_syndrome_P005,stevens johnson syndrome,location,1,skin involvement of 10-30% body surface area,The overlap syndrome (SJS/TEN) involves 10-30% BSA.,42-005,,,,,,
stevens_johnson_syndrome_P006,stevens johnson syndrome,lab,1,elevated white blood cell count,"Complete Blood Count (CBC): Elevated white blood cell count, particularly neutrophils, and anemia may be present.",42-006,,,,,,
stevens_johnson_syndrome_P007,stevens johnson syndrome,lab,1,elevated neutrophil count,"Complete Blood Count (CBC): Elevated white blood cell count, particularly neutrophils, and anemia may be present.",42-006,,,,,,
stevens_johnson_syndrome_P008,stevens johnson syndrome,lab,1,anemia,"Complete Blood Count (CBC): Elevated white blood cell count, particularly neutrophils, and anemia may be present.",42-006,,,,,,
stevens_johnson_syndrome_P009,stevens johnson syndrome,lab,1,elevated C-reactive protein,C-Reactive Protein (CRP): Elevated CRP levels indicate systemic inflammation.,42-007,,,,,,
stevens_johnson_syndrome_P010,stevens johnson syndrome,lab,1,abnormal liver function tests,Liver Function Tests (LFTs): Abnormal LFTs can indicate liver involvement.,42-008,,,,,,
stevens_johnson_syndrome_P011,stevens johnson syndrome,location,1,liver involvement,Liver Function Tests (LFTs): Abnormal LFTs can indicate liver involvement.,42-008,,,,,,
stevens_johnson_syndrome_P012,stevens johnson syndrome,lab,1,elevated creatinine,Renal Function Tests: Elevated creatinine and blood urea nitrogen (BUN) may indicate renal involvement.,42-009,,,,,,
stevens_johnson_syndrome_P013,stevens johnson syndrome,lab,1,elevated blood urea nitrogen,Renal Function Tests: Elevated creatinine and blood urea nitrogen (BUN) may indicate renal involvement.,42-009,,,,,,
stevens_johnson_syndrome_P014,stevens johnson syndrome,location,1,renal involvement,Renal Function Tests: Elevated creatinine and blood urea nitrogen (BUN) may indicate renal involvement.,42-009,,,,,,
stevens_johnson_syndrome_P015,stevens johnson syndrome,lab,1,hyponatremia,Electrolytes: Imbalances such as hyponatremia and hypokalemia are common due to fluid and electrolyte disturbances.,42-010,,,,,,
stevens_johnson_syndrome_P016,stevens johnson syndrome,lab,1,hypokalemia,Electrolytes: Imbalances such as hyponatremia and hypokalemia are common due to fluid and electrolyte disturbances.,42-010,,,,,,
stevens_johnson_syndrome_P017,stevens johnson syndrome,lab,1,elevated serum IL-15,Serum IL-15: Elevated levels of IL-15 have been associated with worse outcomes.,42-011,,,,,,
stevens_johnson_syndrome_P018,stevens johnson syndrome,morphology,1,erythematous or purpuric macules,Skin Lesions: Characterized by erythematous or purpuric macules that evolve into bullae and epidermal detachment. Nikolsky sign (positive skin sloughing with gentle pressure) is often positive.,42-012,,,,,,
stevens_johnson_syndrome_P019,stevens johnson syndrome,morphology,1,bullae,Skin Lesions: Characterized by erythematous or purpuric macules that evolve into bullae and epidermal detachment. Nikolsky sign (positive skin sloughing with gentle pressure) is often positive.,42-012,,,,,,
stevens_johnson_syndrome_P020,stevens johnson syndrome,morphology,1,epidermal detachment,Skin Lesions: Characterized by erythematous or purpuric macules that evolve into bullae and epidermal detachment. Nikolsky sign (positive skin sloughing with gentle pressure) is often positive.,42-012,,,,,,
stevens_johnson_syndrome_P021,stevens johnson syndrome,morphology,1,skin sloughing with gentle pressure (Nikolsky sign),"Skin Lesions: Characterized by erythematous or purpuric macules that evolve into bullae and epidermal detachment. Nikolsky sign (positive skin sloughing with gentle pressure) is often positive. || Nikolsky Sign: Positive, indicating that the skin can be easily sloughed off with gentle pressure.",42-012;42-021,,,,,,
stevens_johnson_syndrome_P022,stevens johnson syndrome,location,1,"mucosal involvement of the oral, ocular and genital regions","Mucosal Involvement: Severe mucosal involvement, particularly in the oral, ocular, and genital regions. Oral ulcers are almost always present and can be extremely painful.",42-013,,,,,,
stevens_johnson_syndrome_P023,stevens johnson syndrome,morphology,1,painful oral ulcers,"Mucosal Involvement: Severe mucosal involvement, particularly in the oral, ocular, and genital regions. Oral ulcers are almost always present and can be extremely painful. || Mucosal Ulcers: Painful ulcers in the mouth, lips, and other mucous membranes, which can significantly impair the patient's ability to eat or drink.",42-013;42-020,,,,,,
stevens_johnson_syndrome_P024,stevens johnson syndrome,morphology,1,conjunctivitis,"Conjunctivitis: Occurs in about 30% of cases, particularly in children.",42-014,,,,,,
stevens_johnson_syndrome_P025,stevens johnson syndrome,symptom,1,"fever, malaise and anorexia","Systemic Symptoms: Initial ""flu-like"" symptoms such as fever, malaise, and anorexia, followed by the characteristic skin and mucosal lesions.",42-015,,,,,,
stevens_johnson_syndrome_P026,stevens johnson syndrome,lab,1,pleural effusion,"Lung Involvement: Pulmonary complications, including pleural effusion and interstitial lung disease, can occur.",42-016,,,,,,
stevens_johnson_syndrome_P027,stevens johnson syndrome,location,1,interstitial lung disease,"Lung Involvement: Pulmonary complications, including pleural effusion and interstitial lung disease, can occur.",42-016,,,,,,
stevens_johnson_syndrome_P028,stevens johnson syndrome,morphology,1,corneal ulcers,"Ocular Complications: Severe ocular surface damage, including corneal ulcers and conjunctival scarring, can lead to long-term visual impairment.",42-017,,,,,,
stevens_johnson_syndrome_P029,stevens johnson syndrome,morphology,1,conjunctival scarring,"Ocular Complications: Severe ocular surface damage, including corneal ulcers and conjunctival scarring, can lead to long-term visual impairment.",42-017,,,,,,
stevens_johnson_syndrome_P030,stevens johnson syndrome,symptom,1,"fever, sore throat and malaise","Prodromal Phase: Initial symptoms include fever, sore throat, and malaise, which can be misdiagnosed and treated with antibiotics.",42-018,,,,,,
stevens_johnson_syndrome_P031,stevens johnson syndrome,morphology,1,round lesions about an inch across,"Rash: A rash of round lesions about an inch across, typically appearing on the face, trunk, arms, and legs, but usually not on the scalp.",42-019,,,,,,
stevens_johnson_syndrome_P032,stevens johnson syndrome,location,1,"lesions on the face, trunk, arms and legs","Rash: A rash of round lesions about an inch across, typically appearing on the face, trunk, arms, and legs, but usually not on the scalp.",42-019,,,,,,
stevens_johnson_syndrome_P033,stevens johnson syndrome,location,-1,lesions on the scalp,"Rash: A rash of round lesions about an inch across, typically appearing on the face, trunk, arms, and legs, but usually not on the scalp.",42-019,INFO:NEGATIVE_POLARITY,,,,,
stevens_johnson_syndrome_P034,stevens johnson syndrome,morphology,1,ulcers of other mucous membranes,"Mucosal Ulcers: Painful ulcers in the mouth, lips, and other mucous membranes, which can significantly impair the patient's ability to eat or drink.",42-020,,,,,,
stevens_johnson_syndrome_P035,stevens johnson syndrome,symptom,1,difficulty eating or drinking,"Mucosal Ulcers: Painful ulcers in the mouth, lips, and other mucous membranes, which can significantly impair the patient's ability to eat or drink.",42-020,,,,,,
stevens_johnson_syndrome_P036,stevens johnson syndrome,location,1,"liver, kidney and lung involvement","Systemic Involvement: Multi-organ involvement, including liver, kidney, and lung, can occur, leading to systemic complications such as sepsis and organ failure.",42-022,,,,,,
stevens_johnson_syndrome_P037,stevens johnson syndrome,lab,1,sepsis,"Systemic Involvement: Multi-organ involvement, including liver, kidney, and lung, can occur, leading to systemic complications such as sepsis and organ failure.",42-022,,,,,,
stevens_johnson_syndrome_P038,stevens johnson syndrome,lab,1,organ failure,"Systemic Involvement: Multi-organ involvement, including liver, kidney, and lung, can occur, leading to systemic complications such as sepsis and organ failure.",42-022,,,,,,
telangiectases_P001,telangiectases,location,1,"blood vessels on the skin, mucous membranes and internal organs","Telangiectases are small, dilated blood vessels that can appear on the skin, mucous membranes, and internal organs.",43-001,,,,,,
telangiectases_P002,telangiectases,history,1,HHT,"They are a hallmark of several conditions, including hereditary hemorrhagic telangiectasia (HHT), ataxia-telangiectasia, and generalized essential telangiectasia.",43-002,,,,,,
telangiectases_P003,telangiectases,history,1,ataxia syndrome,"They are a hallmark of several conditions, including hereditary hemorrhagic telangiectasia (HHT), ataxia-telangiectasia, and generalized essential telangiectasia.",43-002,,,,,,
telangiectases_P004,telangiectases,history,1,generalized essential vascular dilation disorder,"They are a hallmark of several conditions, including hereditary hemorrhagic telangiectasia (HHT), ataxia-telangiectasia, and generalized essential telangiectasia.",43-002,,,,,,
telangiectases_P005,telangiectases,history,1,inherited vascular disorder,"HHT, also known as Osler-Weber-Rendu Syndrome, is an inherited disorder characterized by abnormal blood vessels that can lead to excessive bleeding.",43-003,,,,,,
telangiectases_P006,telangiectases,morphology,1,abnormal blood vessels,"HHT, also known as Osler-Weber-Rendu Syndrome, is an inherited disorder characterized by abnormal blood vessels that can lead to excessive bleeding.",43-003,,,,,,
telangiectases_P007,telangiectases,symptom,1,excessive bleeding,"HHT, also known as Osler-Weber-Rendu Syndrome, is an inherited disorder characterized by abnormal blood vessels that can lead to excessive bleeding.",43-003,,,,,,
telangiectases_P008,telangiectases,history,1,autosomal recessive inheritance,"Ataxia-telangiectasia is a rare autosomal recessive disorder characterized by progressive cerebellar ataxia, oculocutaneous telangiectasia, and immunodeficiency.",43-004,,,,,,
telangiectases_P009,telangiectases,location,1,oculocutaneous small dilated blood vessels,"Ataxia-telangiectasia is a rare autosomal recessive disorder characterized by progressive cerebellar ataxia, oculocutaneous telangiectasia, and immunodeficiency. || HHT is characterized by mucocutaneous telangiectases and AVMs, ataxia-telangiectasia by progressive cerebellar ataxia and oculocutaneous telangiectasia, and generalized essential telangiectasia by widespread cutaneous telangiectases without associated bleeding or systemic disease.",43-004;43-032,,,,,,
telangiectases_P010,telangiectases,history,1,immunodeficiency,"Ataxia-telangiectasia is a rare autosomal recessive disorder characterized by progressive cerebellar ataxia, oculocutaneous telangiectasia, and immunodeficiency.",43-004,,,,,,
telangiectases_P011,telangiectases,history,1,progressive development of small dilated blood vessels on the skin,Generalized essential telangiectasia is a rare condition characterized by the progressive development of telangiectases on the skin.,43-005,,,,,,
telangiectases_P012,telangiectases,lab,1,ENG gene mutation,Genetic Testing: Mutations in the endoglin (ENG) or activin receptor-like kinase-1 (ALK-1) genes.,43-006,,,,,,
telangiectases_P013,telangiectases,lab,1,ALK-1 gene mutation,Genetic Testing: Mutations in the endoglin (ENG) or activin receptor-like kinase-1 (ALK-1) genes.,43-006,,,,,,
telangiectases_P014,telangiectases,lab,1,iron deficiency anemia,"Blood Tests: Iron deficiency anemia, decreased oxygen levels in the blood.",43-007,,,,,,
telangiectases_P015,telangiectases,lab,1,decreased blood oxygen levels,"Blood Tests: Iron deficiency anemia, decreased oxygen levels in the blood.",43-007,,,,,,
telangiectases_P016,telangiectases,lab,1,arteriovenous malformations,"Imaging: Chest X-ray to detect arteriovenous malformations (AVMs), echocardiogram to assess for heart involvement. || AVMs: Visible on chest X-ray, MRI, or pulmonary angiogram. || HHT is characterized by mucocutaneous telangiectases and AVMs, ataxia-telangiectasia by progressive cerebellar ataxia and oculocutaneous telangiectasia, and generalized essential telangiectasia by widespread cutaneous telangiectases without associated bleeding or systemic disease.",43-008;43-013;43-032,,,,,,
telangiectases_P017,telangiectases,lab,1,cardiac involvement,"Imaging: Chest X-ray to detect arteriovenous malformations (AVMs), echocardiogram to assess for heart involvement.",43-008,,,,,,
telangiectases_P018,telangiectases,lab,1,ATM gene mutation,Genetic Testing: Mutations in the ataxia telangiectasia mutated (ATM) gene.,43-009,,,,,,
telangiectases_P019,telangiectases,lab,1,low IgA and IgG2 levels,"Blood Tests: Low levels of IgA and IgG2, increased incidence of lymphomas and leukemias.",43-010,,,,,,
telangiectases_P020,telangiectases,history,1,lymphoma,"Blood Tests: Low levels of IgA and IgG2, increased incidence of lymphomas and leukemias.",43-010,,,,,,
telangiectases_P021,telangiectases,history,1,leukemia,"Blood Tests: Low levels of IgA and IgG2, increased incidence of lymphomas and leukemias.",43-010,,,,,,
telangiectases_P022,telangiectases,lab,1,cerebellar atrophy on MRI,"Imaging: MRI to assess for cerebellar atrophy and other neurological abnormalities. || Neurological: Progressive cerebellar ataxia, atactic speech disorders, cerebellar atrophy.",43-011;43-018,,,,,,
telangiectases_P023,telangiectases,lab,1,neurological abnormalities on MRI,Imaging: MRI to assess for cerebellar atrophy and other neurological abnormalities.,43-011,,,,,,
telangiectases_P024,telangiectases,location,1,"small dilated blood vessels on the lips, tongue, nasal mucosa, face, ears, fingertips, nails, sclerae and skin","Telangiectases: Commonly found on the lips, tongue, nasal mucosa, face, ears, fingertips, nails, whites of the eyes, and skin. They may bleed easily.",43-012,WARN:LENGTH(17),,,,,
telangiectases_P025,telangiectases,symptom,1,easy bleeding from small dilated blood vessels,"Telangiectases: Commonly found on the lips, tongue, nasal mucosa, face, ears, fingertips, nails, whites of the eyes, and skin. They may bleed easily.",43-012,,,,,,
telangiectases_P026,telangiectases,symptom,1,spontaneous recurrent epistaxis,"Epistaxis: Frequent nosebleeds, especially in children. || Curaçao Criteria: At least three of the following: spontaneous and recurrent epistaxis, multiple telangiectases, visceral AVMs, a first-degree relative with HHT.",43-014;43-023,,,,,,
telangiectases_P027,telangiectases,symptom,1,dark black stools,GI Bleeding: Dark black stools or blood in the stool.,43-015,,,,,,
telangiectases_P028,telangiectases,symptom,1,blood in the stool,GI Bleeding: Dark black stools or blood in the stool.,43-015,,,,,,
telangiectases_P029,telangiectases,symptom,1,seizures,Neurological: Seizures or small strokes due to bleeding into the brain.,43-016,,,,,,
telangiectases_P030,telangiectases,symptom,1,small strokes,Neurological: Seizures or small strokes due to bleeding into the brain.,43-016,,,,,,
telangiectases_P031,telangiectases,lab,1,bleeding into the brain,Neurological: Seizures or small strokes due to bleeding into the brain.,43-016,,,,,,
telangiectases_P032,telangiectases,location,1,"small dilated blood vessels on the cheeks, lips, tongue, fingers, mouth and toes","Telangiectases: Most often on the cheeks, lips, tongue, fingers, mouth, and toes.",43-017,,,,,,
telangiectases_P033,telangiectases,symptom,1,ataxic speech disorders,"Neurological: Progressive cerebellar ataxia, atactic speech disorders, cerebellar atrophy.",43-018,,,,,,
telangiectases_P034,telangiectases,history,1,recurrent sinopulmonary infections,"Respiratory: Recurrent sinopulmonary infections, bronchiectasis.",43-019,,,,,,
telangiectases_P035,telangiectases,lab,1,bronchiectasis,"Respiratory: Recurrent sinopulmonary infections, bronchiectasis.",43-019,,,,,,
telangiectases_P036,telangiectases,location,1,small dilated blood vessels on the conjunctivae,Ocular: Telangiectases on the conjunctivae.,43-020,,,,,,
telangiectases_P037,telangiectases,location,1,"small dilated blood vessels on the lower extremities, trunk, arms and face","Telangiectases: Widespread on the skin, particularly on the lower extremities, trunk, arms, and face. || HHT is characterized by mucocutaneous telangiectases and AVMs, ataxia-telangiectasia by progressive cerebellar ataxia and oculocutaneous telangiectasia, and generalized essential telangiectasia by widespread cutaneous telangiectases without associated bleeding or systemic disease.",43-021;43-032,,,,,,
telangiectases_P038,telangiectases,history,-1,recurrent hemorrhage,"No Associated Bleeding: Unlike HHT, patients do not have a history of recurrent hemorrhage or mucosal involvement.",43-022,INFO:NEGATIVE_POLARITY,delete,,,,chi dung cho 1 the (GET); mau thuan HHT co chay mau
telangiectases_P039,telangiectases,location,-1,mucosal involvement,"No Associated Bleeding: Unlike HHT, patients do not have a history of recurrent hemorrhage or mucosal involvement.",43-022,INFO:NEGATIVE_POLARITY,delete,,,,chi dung cho 1 the (GET); mau thuan HHT co niem mac
telangiectases_P040,telangiectases,morphology,1,multiple small dilated blood vessels,"Telangiectases are small, dilated blood vessels that can appear on the skin, mucous membranes, and internal organs. || Curaçao Criteria: At least three of the following: spontaneous and recurrent epistaxis, multiple telangiectases, visceral AVMs, a first-degree relative with HHT.",43-001;43-023,,,,,,
telangiectases_P041,telangiectases,location,1,visceral arteriovenous malformations,"Curaçao Criteria: At least three of the following: spontaneous and recurrent epistaxis, multiple telangiectases, visceral AVMs, a first-degree relative with HHT.",43-023,,,,,,
telangiectases_P042,telangiectases,history,1,first-degree relative with HHT,"Curaçao Criteria: At least three of the following: spontaneous and recurrent epistaxis, multiple telangiectases, visceral AVMs, a first-degree relative with HHT.",43-023,,,,,,
telangiectases_P043,telangiectases,history,1,onset in adolescence or adulthood,"Age Distribution: Telangiectases are more common in adolescents and adults, with cutaneous telangiectases more frequent in older children and adolescents.",43-024,,,,,,
telangiectases_P044,telangiectases,history,1,cutaneous small dilated blood vessels in older children and adolescents,"Age Distribution: Telangiectases are more common in adolescents and adults, with cutaneous telangiectases more frequent in older children and adolescents.",43-024,,,,,,
telangiectases_P045,telangiectases,history,1,progressive cerebellar ataxia beginning in infancy,"Ataxia-telangiectasia is a rare autosomal recessive disorder characterized by progressive cerebellar ataxia, oculocutaneous telangiectasia, and immunodeficiency. || Neurological: Progressive cerebellar ataxia, atactic speech disorders, cerebellar atrophy. || HHT is characterized by mucocutaneous telangiectases and AVMs, ataxia-telangiectasia by progressive cerebellar ataxia and oculocutaneous telangiectasia, and generalized essential telangiectasia by widespread cutaneous telangiectases without associated bleeding or systemic disease. || Progressive Ataxia: Begins in infancy and progresses slowly.",43-004;43-018;43-032;43-025,,,,,,
telangiectases_P046,telangiectases,history,1,development at age 3 to 6 years,Telangiectasias: Develop around age 3-6 years.,43-026,,,,,,
telangiectases_P047,telangiectases,history,1,increased susceptibility to respiratory infections,Immune Deficiency: Increased susceptibility to respiratory infections.,43-027,,,,,,
telangiectases_P048,telangiectases,history,1,onset on the lower extremities with spread to other areas,Progressive Development: Telangiectases start on the lower extremities and spread to other areas.,43-028,,,,,,
telangiectases_P049,telangiectases,symptom,-1,associated bleeding,"No Systemic Disease: Patients do not have associated bleeding or systemic vascular lesions. || HHT is characterized by mucocutaneous telangiectases and AVMs, ataxia-telangiectasia by progressive cerebellar ataxia and oculocutaneous telangiectasia, and generalized essential telangiectasia by widespread cutaneous telangiectases without associated bleeding or systemic disease.",43-029;43-032,INFO:NEGATIVE_POLARITY,delete,,,,chi dung cho 1 the (GET); mau thuan P025
telangiectases_P050,telangiectases,location,-1,systemic vascular lesions,"No Systemic Disease: Patients do not have associated bleeding or systemic vascular lesions. || HHT is characterized by mucocutaneous telangiectases and AVMs, ataxia-telangiectasia by progressive cerebellar ataxia and oculocutaneous telangiectasia, and generalized essential telangiectasia by widespread cutaneous telangiectases without associated bleeding or systemic disease.",43-029;43-032,INFO:NEGATIVE_POLARITY,delete,,,,chi dung cho 1 the (GET); mau thuan HHT co AVM
telangiectases_P051,telangiectases,location,1,mucocutaneous small dilated blood vessels,"HHT is characterized by mucocutaneous telangiectases and AVMs, ataxia-telangiectasia by progressive cerebellar ataxia and oculocutaneous telangiectasia, and generalized essential telangiectasia by widespread cutaneous telangiectases without associated bleeding or systemic disease.",43-032,,,,,,
tuberous_sclerosis_P001,tuberous sclerosis,history,1,autosomal dominant inheritance,"Tuberous Sclerosis Complex (TSC) is an autosomal dominant genetic disorder characterized by the growth of benign tumors (hamartomas) in multiple organ systems, including the brain, skin, heart, kidneys, lungs, and eyes.",44-001,,,,,,
tuberous_sclerosis_P002,tuberous sclerosis,location,1,benign tumors in multiple organ systems,"Tuberous Sclerosis Complex (TSC) is an autosomal dominant genetic disorder characterized by the growth of benign tumors (hamartomas) in multiple organ systems, including the brain, skin, heart, kidneys, lungs, and eyes. || Tuberous Sclerosis Complex (TSC) is a genetic disorder characterized by the growth of benign tumors in multiple organ systems.",44-001;44-043,,,,,,
tuberous_sclerosis_P003,tuberous sclerosis,location,1,"involvement of the brain, skin, heart, kidneys, lungs and eyes","Tuberous Sclerosis Complex (TSC) is an autosomal dominant genetic disorder characterized by the growth of benign tumors (hamartomas) in multiple organ systems, including the brain, skin, heart, kidneys, lungs, and eyes.",44-001,,,,,,
tuberous_sclerosis_P004,tuberous sclerosis,lab,1,TSC1 gene mutation,"The disease is caused by mutations in the TSC1 (9q34) or TSC2 (16p13.3) genes, which encode the proteins hamartin and tuberin, respectively. || Genetic Testing: Mutations in TSC1 or TSC2 genes can be detected in 75% to 95% of individuals with TSC. || Genetic testing for mutations in TSC1 or TSC2 genes can confirm the diagnosis in most cases.",44-002;44-005;44-046,,,,,,
tuberous_sclerosis_P005,tuberous sclerosis,lab,1,TSC2 gene mutation,"The disease is caused by mutations in the TSC1 (9q34) or TSC2 (16p13.3) genes, which encode the proteins hamartin and tuberin, respectively. || Genetic Testing: Mutations in TSC1 or TSC2 genes can be detected in 75% to 95% of individuals with TSC. || Genetic testing for mutations in TSC1 or TSC2 genes can confirm the diagnosis in most cases.",44-002;44-005;44-046,,,,,,
tuberous_sclerosis_P006,tuberous sclerosis,lab,1,elevated mTOR pathway markers,"mTOR Pathway Markers: Elevated levels of mTOR pathway markers may be indicative of TSC, though these are not routinely used for diagnosis.",44-006,,,,,,
tuberous_sclerosis_P007,tuberous sclerosis,lab,1,cortical tubers,"Cortical Tuber: MRI or CT scans may show cortical tubers, which are areas of abnormal brain tissue. || Cortical tuber || Key diagnostic features include specific radiological findings such as cortical tubers and subependymal nodules in the brain, facial angiofibromas and hypomelanotic macules on the skin, rhabdomyomas in the heart, renal angiomyolipomas, and retinal hamartomas.",44-007;44-024;44-044,,,,,,
tuberous_sclerosis_P008,tuberous sclerosis,lab,1,calcified subependymal nodules along the ventricles,"Subependymal Nodules (SENs): Small, calcified nodules along the ventricles. || Subependymal nodule || Key diagnostic features include specific radiological findings such as cortical tubers and subependymal nodules in the brain, facial angiofibromas and hypomelanotic macules on the skin, rhabdomyomas in the heart, renal angiomyolipomas, and retinal hamartomas.",44-008;44-025;44-044,,,,,,
tuberous_sclerosis_P009,tuberous sclerosis,lab,1,subependymal giant cell astrocytomas,"Subependymal Giant Cell Astrocytomas (SEGAs): Larger, non-calcified masses that can cause hydrocephalus. || Subependymal giant cell astrocytoma",44-009;44-026,,,,,,
tuberous_sclerosis_P010,tuberous sclerosis,lab,1,hydrocephalus,"Subependymal Giant Cell Astrocytomas (SEGAs): Larger, non-calcified masses that can cause hydrocephalus.",44-009,,,,,,
tuberous_sclerosis_P011,tuberous sclerosis,morphology,1,small reddish facial angiofibromas around the nose and cheeks,"Facial Angiofibromas: Small, reddish bumps on the face, particularly around the nose and cheeks. || Facial angiofibromas or forehead plaque || Key diagnostic features include specific radiological findings such as cortical tubers and subependymal nodules in the brain, facial angiofibromas and hypomelanotic macules on the skin, rhabdomyomas in the heart, renal angiomyolipomas, and retinal hamartomas.",44-010;44-030;44-044,,,,,,
tuberous_sclerosis_P012,tuberous sclerosis,morphology,1,hypomelanotic macules,"Hypomelanotic Macules: White patches on the skin. || Multiple hypomelanotic macules || Key diagnostic features include specific radiological findings such as cortical tubers and subependymal nodules in the brain, facial angiofibromas and hypomelanotic macules on the skin, rhabdomyomas in the heart, renal angiomyolipomas, and retinal hamartomas.",44-011;44-033;44-044,,,,,,
tuberous_sclerosis_P013,tuberous sclerosis,morphology,1,thick rubbery plaques on the lower back,"Shagreen Patches: Thick, rubbery plaques on the skin, often on the lower back. || Shagreen patch",44-012;44-031,,,,,,
tuberous_sclerosis_P014,tuberous sclerosis,lab,1,cardiac rhabdomyomas,"Rhabdomyomas: Benign tumors in the heart, often detected on echocardiography. || Key diagnostic features include specific radiological findings such as cortical tubers and subependymal nodules in the brain, facial angiofibromas and hypomelanotic macules on the skin, rhabdomyomas in the heart, renal angiomyolipomas, and retinal hamartomas.",44-014;44-044,,,,,,
tuberous_sclerosis_P015,tuberous sclerosis,lab,1,renal angiomyolipomas,"Renal Angiomyolipomas: Benign tumors composed of blood vessels, smooth muscle, and fat. || Angiomyolipoma || Key diagnostic features include specific radiological findings such as cortical tubers and subependymal nodules in the brain, facial angiofibromas and hypomelanotic macules on the skin, rhabdomyomas in the heart, renal angiomyolipomas, and retinal hamartomas.",44-015;44-028;44-044,,,,,,
tuberous_sclerosis_P016,tuberous sclerosis,lab,1,pulmonary lymphangioleiomyomatosis,"Lymphangioleiomyomatosis (LAM): A condition characterized by the proliferation of smooth muscle cells in the lungs, leading to cyst formation and lung function impairment. || Lymphangioleiomyomatosis",44-016;44-029,,,,,,
tuberous_sclerosis_P017,tuberous sclerosis,lab,1,pulmonary cyst formation,"Lymphangioleiomyomatosis (LAM): A condition characterized by the proliferation of smooth muscle cells in the lungs, leading to cyst formation and lung function impairment.",44-016,,,,,,
tuberous_sclerosis_P018,tuberous sclerosis,lab,1,impaired lung function,"Lymphangioleiomyomatosis (LAM): A condition characterized by the proliferation of smooth muscle cells in the lungs, leading to cyst formation and lung function impairment.",44-016,,,,,,
tuberous_sclerosis_P019,tuberous sclerosis,symptom,1,"seizures, particularly infantile spasms","Seizures: Often the first sign of TSC, particularly infantile spasms. || Clinical symptoms such as seizures, developmental delay, and TAND are also important for diagnosis.",44-018;44-045,,,,,,
tuberous_sclerosis_P020,tuberous sclerosis,history,1,developmental delay or intellectual disability,"Developmental Delay: Intellectual disability is common in individuals with TSC. || Clinical symptoms such as seizures, developmental delay, and TAND are also important for diagnosis.",44-019;44-045,,,,,,
tuberous_sclerosis_P021,tuberous sclerosis,symptom,1,behavioral and psychiatric disorders,"Behavioral and Psychiatric Disorders: Tuberous Sclerosis-Associated Neuropsychiatric Disorders (TAND) include a range of conditions such as autism, attention deficit hyperactivity disorder (ADHD), and mood disorders. || Clinical symptoms such as seizures, developmental delay, and TAND are also important for diagnosis.",44-020;44-045,,,,,,
tuberous_sclerosis_P022,tuberous sclerosis,symptom,1,heart failure,"Cardiac Symptoms: In infants, rhabdomyomas can cause heart failure or arrhythmias.",44-021,,,,,,
tuberous_sclerosis_P023,tuberous sclerosis,symptom,1,arrhythmias,"Cardiac Symptoms: In infants, rhabdomyomas can cause heart failure or arrhythmias.",44-021,,,,,,
tuberous_sclerosis_P024,tuberous sclerosis,symptom,1,hematuria,"Renal Symptoms: Hematuria, flank pain, or hypertension may indicate renal angiomyolipomas.",44-022,,,,,,
tuberous_sclerosis_P025,tuberous sclerosis,symptom,1,flank pain,"Renal Symptoms: Hematuria, flank pain, or hypertension may indicate renal angiomyolipomas.",44-022,,,,,,
tuberous_sclerosis_P026,tuberous sclerosis,symptom,1,hypertension,"Renal Symptoms: Hematuria, flank pain, or hypertension may indicate renal angiomyolipomas.",44-022,,,,,,
tuberous_sclerosis_P027,tuberous sclerosis,symptom,1,"dyspnea, cough or chest pain","Pulmonary Symptoms: Dyspnea, cough, or chest pain may suggest LAM.",44-023,,,,,,
tuberous_sclerosis_P028,tuberous sclerosis,lab,1,multiple retinal hamartomas,"Retinal Hamartomas: Benign tumors in the retina, often detected on ophthalmologic examination. || Key diagnostic features include specific radiological findings such as cortical tubers and subependymal nodules in the brain, facial angiofibromas and hypomelanotic macules on the skin, rhabdomyomas in the heart, renal angiomyolipomas, and retinal hamartomas. || Multiple retinal hamartomas",44-017;44-044;44-027,,,,,,
tuberous_sclerosis_P029,tuberous sclerosis,morphology,1,forehead plaque,Facial angiofibromas or forehead plaque,44-030,,,,,,
tuberous_sclerosis_P030,tuberous sclerosis,morphology,1,multiple ungual or periungual fibromas,"Ungual Fibromas: Small, flesh-colored growths under the nails. || Multiple ungual or periungual fibromas",44-013;44-032,,,,,,
tuberous_sclerosis_P031,tuberous sclerosis,lab,1,nontraumatic gyral cortical cyst,Nontraumatic gyral cortical cyst,44-034,,,,,,
tuberous_sclerosis_P032,tuberous sclerosis,morphology,1,dental enamel pits,Dental enamel pits,44-035,,,,,,
tuberous_sclerosis_P033,tuberous sclerosis,morphology,1,intraoral fibromas,Intraoral fibromas,44-036,,,,,,
tuberous_sclerosis_P034,tuberous sclerosis,lab,1,retinal achromatic patch,Retinal achromatic patch,44-037,,,,,,
tuberous_sclerosis_P035,tuberous sclerosis,morphology,1,confetti skin lesions,"""Confetti"" skin lesions",44-038,,,,,,
tuberous_sclerosis_P036,tuberous sclerosis,lab,1,gastrointestinal hamartomas,Gastrointestinal hamartomas,44-039,,,,,,
tuberous_sclerosis_P037,tuberous sclerosis,lab,1,postneonatal cardiac rhabdomyoma,Cardiac rhabdomyoma (postneonatal),44-040,,,,,,
tuberous_sclerosis_P038,tuberous sclerosis,lab,1,bone cysts,Bone cysts,44-041,,,,,,
tuberous_sclerosis_P039,tuberous sclerosis,lab,1,cerebral white matter radial migration lines,Cerebral white matter radial migration lines,44-042,,,,,,
urticaria_P001,urticaria,morphology,1,itchy raised red or skin-colored wheals of variable size and shape,"Urticaria, commonly known as hives, is a common skin condition characterized by the presence of itchy, raised, red, or skin-colored wheals that can vary in size and shape. || Wheals: Itchy, raised, red, or skin-colored areas that can appear and disappear within hours. || Chronic Spontaneous Urticaria (CSU): Wheals and angioedema develop unprompted, spontaneously, and can persist for more than 6 weeks. || The presence of wheals, angioedema, and itching are the key clinical features, and the duration and pattern of symptoms can help differentiate between acute and chronic urticaria.",45-001;45-008;45-017;45-026,,,,,,
urticaria_P002,urticaria,history,1,acute course lasting less than 6 weeks,It can be acute (lasting less than 6 weeks) or chronic (lasting more than 6 weeks).,45-002,,,,,,
urticaria_P003,urticaria,history,1,chronic course lasting more than 6 weeks,"It can be acute (lasting less than 6 weeks) or chronic (lasting more than 6 weeks). || Chronic Spontaneous Urticaria (CSU): Wheals and angioedema develop unprompted, spontaneously, and can persist for more than 6 weeks.",45-002;45-017,,,,,,
urticaria_P004,urticaria,history,1,spontaneous onset,"Urticaria can be spontaneous or inducible, and it may be associated with angioedema, which is the swelling of deeper layers of the skin. || Chronic Spontaneous Urticaria (CSU): Wheals and angioedema develop unprompted, spontaneously, and can persist for more than 6 weeks.",45-003;45-017,,,,,,
urticaria_P005,urticaria,history,1,induction by triggers,"Urticaria can be spontaneous or inducible, and it may be associated with angioedema, which is the swelling of deeper layers of the skin.",45-003,,,,,,
urticaria_P006,urticaria,morphology,1,swelling of deeper skin layers,"Urticaria can be spontaneous or inducible, and it may be associated with angioedema, which is the swelling of deeper layers of the skin. || Angioedema: Swelling of deeper layers of the skin, often affecting the lips, eyelids, hands, and feet. || Chronic Spontaneous Urticaria (CSU): Wheals and angioedema develop unprompted, spontaneously, and can persist for more than 6 weeks. || The presence of wheals, angioedema, and itching are the key clinical features, and the duration and pattern of symptoms can help differentiate between acute and chronic urticaria.",45-003;45-009;45-017;45-026,,,,,,
urticaria_P007,urticaria,lab,1,elevated white blood cell count,"Complete Blood Count (CBC): May show elevated white blood cell count, particularly eosinophils.",45-004,,,,,,
urticaria_P008,urticaria,lab,1,elevated eosinophil count,"Complete Blood Count (CBC): May show elevated white blood cell count, particularly eosinophils.",45-004,,,,,,
urticaria_P009,urticaria,lab,1,elevated C-reactive protein,"C-reactive protein (CRP) and Erythrocyte Sedimentation Rate (ESR): May be elevated in cases of chronic urticaria, indicating inflammation.",45-005,,,,,,
urticaria_P010,urticaria,lab,1,elevated erythrocyte sedimentation rate,"C-reactive protein (CRP) and Erythrocyte Sedimentation Rate (ESR): May be elevated in cases of chronic urticaria, indicating inflammation.",45-005,,,,,,
urticaria_P011,urticaria,lab,1,autoantibodies against FcεRI or IgE,"Autoantibodies: Testing for autoantibodies against the high-affinity IgE receptor (FcεRI) or IgE itself can help diagnose autoimmune urticaria. || Autoimmune Urticaria: Characterized by the presence of autoantibodies against the high-affinity IgE receptor (FcεRI) or IgE itself. || Laboratory tests, particularly for autoantibodies, can be helpful in diagnosing autoimmune urticaria.",45-006;45-016;45-025,,,,,,
urticaria_P012,urticaria,history,1,wheals appearing and disappearing within hours,"Wheals: Itchy, raised, red, or skin-colored areas that can appear and disappear within hours.",45-008,,,,,,
urticaria_P013,urticaria,location,1,"swelling of the lips, eyelids, hands and feet","Angioedema: Swelling of deeper layers of the skin, often affecting the lips, eyelids, hands, and feet.",45-009,,,,,,
urticaria_P014,urticaria,history,1,wheals after scratching or rubbing the skin,Dermatographism: The appearance of wheals after scratching or rubbing the skin.,45-010,,,,,,
urticaria_P015,urticaria,history,1,wheals induced by cold,"Physical Urticarias: Wheals induced by specific physical stimuli such as cold, heat, pressure, or sunlight.",45-011,,,,,,
urticaria_P016,urticaria,history,1,wheals induced by heat,"Physical Urticarias: Wheals induced by specific physical stimuli such as cold, heat, pressure, or sunlight.",45-011,,,,,,
urticaria_P017,urticaria,history,1,wheals induced by pressure,"Physical Urticarias: Wheals induced by specific physical stimuli such as cold, heat, pressure, or sunlight.",45-011,,,,,,
urticaria_P018,urticaria,history,1,wheals induced by sunlight,"Physical Urticarias: Wheals induced by specific physical stimuli such as cold, heat, pressure, or sunlight.",45-011,,,,,,
urticaria_P019,urticaria,symptom,1,itching,"Itching: The primary symptom of urticaria. || The presence of wheals, angioedema, and itching are the key clinical features, and the duration and pattern of symptoms can help differentiate between acute and chronic urticaria.",45-012;45-026,,,,,,
urticaria_P020,urticaria,history,1,wheals lasting less than 24 hours,Wheal Duration: Wheals typically last less than 24 hours and can change in size and location.,45-013,,,,,,
urticaria_P021,urticaria,history,1,wheals changing in size and location,Wheal Duration: Wheals typically last less than 24 hours and can change in size and location.,45-013,,,,,,
urticaria_P022,urticaria,history,1,food triggers,"Trigger Identification: Identifying specific triggers such as foods, medications, physical stimuli, or stress can aid in diagnosis.",45-014,,,,,,
urticaria_P023,urticaria,history,1,medication triggers,"Trigger Identification: Identifying specific triggers such as foods, medications, physical stimuli, or stress can aid in diagnosis.",45-014,,,,,,
urticaria_P024,urticaria,history,1,stress as a trigger,"Trigger Identification: Identifying specific triggers such as foods, medications, physical stimuli, or stress can aid in diagnosis.",45-014,,,,,,
urticaria_P025,urticaria,symptom,1,fever,"Associated Symptoms: In some cases, urticaria may be accompanied by systemic symptoms such as fever, joint pain, or respiratory issues, which may indicate an underlying condition.",45-015,,,,,,
urticaria_P026,urticaria,symptom,1,joint pain,"Associated Symptoms: In some cases, urticaria may be accompanied by systemic symptoms such as fever, joint pain, or respiratory issues, which may indicate an underlying condition.",45-015,,,,,,
urticaria_P027,urticaria,symptom,1,respiratory symptoms,"Associated Symptoms: In some cases, urticaria may be accompanied by systemic symptoms such as fever, joint pain, or respiratory issues, which may indicate an underlying condition.",45-015,,,,,,
urticaria_P028,urticaria,history,1,wheals induced by physical stimuli,"Trigger Identification: Identifying specific triggers such as foods, medications, physical stimuli, or stress can aid in diagnosis. || Chronic Inducible Urticaria (CIndU): Wheals and angioedema are induced by specific triggers such as physical stimuli.",45-014;45-018,,,,,,
urticaria_P029,urticaria,history,1,swelling of deeper skin layers induced by physical stimuli,Chronic Inducible Urticaria (CIndU): Wheals and angioedema are induced by specific triggers such as physical stimuli.,45-018,,,,,,
urticaria_P030,urticaria,history,1,wheals after contact with specific substances,Contact Urticaria: Wheals that appear after contact with specific substances.,45-020,,,,,,
urticaria_P031,urticaria,history,1,symptom duration and pattern,"The presence of wheals, angioedema, and itching are the key clinical features, and the duration and pattern of symptoms can help differentiate between acute and chronic urticaria.",45-026,,,,,,
verruca_vulgaris_P001,verruca-vulgaris,lab,1,"human papillomavirus subtypes 2, 4 and 49","Verruca vulgaris, also known as common warts, are benign skin lesions caused by human papillomavirus (HPV), particularly subtypes 2, 4, and 49. || HPV Testing: Detection of HPV subtypes 2, 4, and 49 can confirm the diagnosis. || Verruca vulgaris are common, benign skin lesions caused by HPV subtypes 2, 4, and 49.",46-001;46-004;46-014,,,,,,
verruca_vulgaris_P002,verruca-vulgaris,history,1,persistent course,"These warts are typically self-limited but can persist and may vary in size and number. || Regression: Untreated warts may spontaneously regress, persist as benign lesions, or progress to precancerous lesions.",46-002;46-011,,,,,,
verruca_vulgaris_P003,verruca-vulgaris,morphology,1,variable lesion size and number,These warts are typically self-limited but can persist and may vary in size and number.,46-002,,,,,,
verruca_vulgaris_P004,verruca-vulgaris,location,1,"lesions on the hands, fingers and feet","They are most commonly found on the hands, fingers, and feet, but can occur on other parts of the body, including the oral mucosa. || They are typically found on the hands, fingers, and feet, with a characteristic papillomatous hyperkeratotic appearance.",46-003;46-015,,,,,,
verruca_vulgaris_P005,verruca-vulgaris,lab,1,acanthosis,"Histopathology: Biopsy may show acanthosis, papillomatosis, and hyperkeratosis with elongated rete ridges and koilocytes (large keratinocytes with small, pyknotic nuclei).",46-005,,,,,,
verruca_vulgaris_P006,verruca-vulgaris,lab,1,papillomatosis,"Histopathology: Biopsy may show acanthosis, papillomatosis, and hyperkeratosis with elongated rete ridges and koilocytes (large keratinocytes with small, pyknotic nuclei).",46-005,,,,,,
verruca_vulgaris_P007,verruca-vulgaris,lab,1,hyperkeratosis with elongated rete ridges,"Histopathology: Biopsy may show acanthosis, papillomatosis, and hyperkeratosis with elongated rete ridges and koilocytes (large keratinocytes with small, pyknotic nuclei).",46-005,,,,,,
verruca_vulgaris_P008,verruca-vulgaris,lab,1,koilocytes with small pyknotic nuclei,"Histopathology: Biopsy may show acanthosis, papillomatosis, and hyperkeratosis with elongated rete ridges and koilocytes (large keratinocytes with small, pyknotic nuclei).",46-005,,,,,,
verruca_vulgaris_P009,verruca-vulgaris,morphology,1,circumscribed firm elevated papules,"Clinical Appearance: Verruca vulgaris are circumscribed, firm, elevated papules with a papillomatous hyperkeratotic surface. They may appear singly or in groups.",46-006,,,,,,
verruca_vulgaris_P010,verruca-vulgaris,morphology,1,papillomatous hyperkeratotic surface,"Clinical Appearance: Verruca vulgaris are circumscribed, firm, elevated papules with a papillomatous hyperkeratotic surface. They may appear singly or in groups. || They are typically found on the hands, fingers, and feet, with a characteristic papillomatous hyperkeratotic appearance.",46-006;46-015,,,,,,
verruca_vulgaris_P011,verruca-vulgaris,morphology,1,solitary or grouped lesions,"Clinical Appearance: Verruca vulgaris are circumscribed, firm, elevated papules with a papillomatous hyperkeratotic surface. They may appear singly or in groups.",46-006,,,,,,
verruca_vulgaris_P012,verruca-vulgaris,location,1,"lesions on dorsal fingers and hands, soles and palms","Location: Commonly found on the dorsal aspects of the fingers and hands, soles of the feet (plantar warts), and less frequently on the palms (mosaic warts).",46-007,,,,,,
verruca_vulgaris_P013,verruca-vulgaris,morphology,1,threadlike keratinous projections from horny bases,"Filiform Warts: Variants of verruca vulgaris that show threadlike, keratinous projections arising from horny bases, often found on the face and scalp.",46-008,,,,,,
verruca_vulgaris_P014,verruca-vulgaris,location,1,lesions on the face and scalp,"Filiform Warts: Variants of verruca vulgaris that show threadlike, keratinous projections arising from horny bases, often found on the face and scalp.",46-008,,,,,,
verruca_vulgaris_P015,verruca-vulgaris,location,1,"lesions on the palate, buccal mucosa and tongue","They are most commonly found on the hands, fingers, and feet, but can occur on other parts of the body, including the oral mucosa. || Oral lesions are rare but should be biopsied to rule out other conditions. || Oral Lesions: Rare but can occur on the palate, buccal mucosa, and tongue. These lesions are usually asymptomatic but may require surgical excision for diagnosis and treatment.",46-003;46-019;46-009,,,,,,
verruca_vulgaris_P016,verruca-vulgaris,symptom,-1,tenderness,"Oral Lesions: Rare but can occur on the palate, buccal mucosa, and tongue. These lesions are usually asymptomatic but may require surgical excision for diagnosis and treatment. || Symptoms: Generally associated with little or no tenderness. New warts may form at sites of trauma.",46-009;46-010,INFO:NEGATIVE_POLARITY,,,,,
verruca_vulgaris_P017,verruca-vulgaris,history,1,new lesions at sites of trauma,Symptoms: Generally associated with little or no tenderness. New warts may form at sites of trauma.,46-010,,,,,,
verruca_vulgaris_P018,verruca-vulgaris,history,1,spontaneous regression,"These warts are typically self-limited but can persist and may vary in size and number. || Regression: Untreated warts may spontaneously regress, persist as benign lesions, or progress to precancerous lesions.",46-002;46-011,,,,,,
verruca_vulgaris_P019,verruca-vulgaris,history,1,immunodeficiency,"Immunodeficiency: Immunocompromised individuals may have more numerous and larger warts due to a weakened immune response. || In immunocompromised individuals, warts may be more numerous and larger, requiring more aggressive management.",46-012;46-018,,,,,,
verruca_vulgaris_P020,verruca-vulgaris,morphology,1,numerous large lesions,"Immunodeficiency: Immunocompromised individuals may have more numerous and larger warts due to a weakened immune response. || In immunocompromised individuals, warts may be more numerous and larger, requiring more aggressive management.",46-012;46-018,,,,,,
vitiligo_P001,vitiligo,lab,1,loss of melanocytes,"Vitiligo is an autoimmune skin disorder characterized by the selective loss of melanocytes, resulting in depigmented, well-demarcated macules or patches on the skin, mucous membranes, and hair. || Vitiligo is a chronic autoimmune disorder characterized by the loss of melanocytes, leading to depigmented skin patches.",47-001;47-018,,,,,,
vitiligo_P002,vitiligo,location,1,"depigmentation of the skin, mucous membranes and hair","Vitiligo is an autoimmune skin disorder characterized by the selective loss of melanocytes, resulting in depigmented, well-demarcated macules or patches on the skin, mucous membranes, and hair.",47-001,,,,,,
vitiligo_P003,vitiligo,history,1,onset at any age,The disease can onset at any age but is most common in the second decade of life.,47-003,,,,,,
vitiligo_P004,vitiligo,history,1,onset in the second decade of life,The disease can onset at any age but is most common in the second decade of life.,47-003,,,,,,
vitiligo_P005,vitiligo,location,1,generalized lesion distribution,Vitiligo is classified into two main types: nonsegmental (generalized) and segmental (unilateral).,47-004,,,,,,
vitiligo_P006,vitiligo,location,1,unilateral lesion distribution,Vitiligo is classified into two main types: nonsegmental (generalized) and segmental (unilateral).,47-004,,,,,,
vitiligo_P007,vitiligo,lab,1,autoantibodies against melanocyte antigens,"Autoantibodies: Presence of autoantibodies against melanocyte antigens can be detected in some patients, supporting the autoimmune hypothesis. || Laboratory tests may show autoantibodies and thyroid dysfunction.",47-005;47-020,,,,,,
vitiligo_P008,vitiligo,history,1,autoimmune thyroid disorders,"Thyroid Function Tests: Patients with vitiligo often have associated autoimmune thyroid disorders, such as Hashimoto's thyroiditis. Thyroid function tests (TSH, T3, T4) are recommended. || Associated Autoimmune Diseases: Patients may have a history of other autoimmune conditions, such as thyroid disorders, alopecia areata, and pernicious anemia.",47-006;47-015,,,,,,
vitiligo_P009,vitiligo,lab,1,mild anemia,"Complete Blood Count (CBC): May show mild anemia or leukocytosis in some cases, but these are not specific to vitiligo.",47-007,,,,,,
vitiligo_P010,vitiligo,lab,1,leukocytosis,"Complete Blood Count (CBC): May show mild anemia or leukocytosis in some cases, but these are not specific to vitiligo.",47-007,,,,,,
vitiligo_P011,vitiligo,morphology,1,well-demarcated chalk-white macules or patches,"Vitiligo is an autoimmune skin disorder characterized by the selective loss of melanocytes, resulting in depigmented, well-demarcated macules or patches on the skin, mucous membranes, and hair. || Depigmented Macules: Well-demarcated, chalk-white patches on the skin, often symmetrically distributed. || Key diagnostic features include well-demarcated, chalk-white macules, symmetric distribution, and positive Wood's lamp examination. || Vitiligo is a chronic autoimmune disorder characterized by the loss of melanocytes, leading to depigmented skin patches.",47-001;47-008;47-019;47-018,,,,,,
vitiligo_P012,vitiligo,location,1,symmetric lesion distribution,"Depigmented Macules: Well-demarcated, chalk-white patches on the skin, often symmetrically distributed. || Symmetry: Nonsegmental vitiligo often presents with symmetrically distributed lesions. || Key diagnostic features include well-demarcated, chalk-white macules, symmetric distribution, and positive Wood's lamp examination.",47-008;47-013;47-019,,,,,,
vitiligo_P013,vitiligo,lab,1,bright white depigmented areas under Wood's lamp,"Wood's Lamp Examination: Depigmented areas appear bright white under Wood's lamp, helping to differentiate from other hypopigmentary disorders. || Key diagnostic features include well-demarcated, chalk-white macules, symmetric distribution, and positive Wood's lamp examination.",47-009;47-019,,,,,,
vitiligo_P014,vitiligo,lab,1,polarized hair in affected areas,"Trichoscopy: Can reveal characteristic features such as ""polarized hair"" and ""white hair"" in affected areas.",47-010,,,,,,
vitiligo_P015,vitiligo,lab,1,white hair in affected areas,"Trichoscopy: Can reveal characteristic features such as ""polarized hair"" and ""white hair"" in affected areas.",47-010,,,,,,
vitiligo_P016,vitiligo,lab,-1,epidermal melanocytes,"Skin Biopsy: Histopathology shows the absence of melanocytes in the epidermis, with normal-appearing dermis. || Skin biopsy confirms the absence of melanocytes.",47-011;47-021,INFO:NEGATIVE_POLARITY,,,,,
vitiligo_P017,vitiligo,lab,-1,dermal abnormalities,"Skin Biopsy: Histopathology shows the absence of melanocytes in the epidermis, with normal-appearing dermis.",47-011,INFO:NEGATIVE_POLARITY,,,,,
vitiligo_P018,vitiligo,history,1,gradual onset,Onset and Progression: Gradual onset with progressive enlargement and increase in the number of lesions. || The disease often has a gradual onset and can be associated with other autoimmune conditions.,47-012;47-022,,,,,,
vitiligo_P019,vitiligo,history,1,progressive lesion enlargement,Onset and Progression: Gradual onset with progressive enlargement and increase in the number of lesions.,47-012,,,,,,
vitiligo_P020,vitiligo,history,1,increasing number of lesions,Onset and Progression: Gradual onset with progressive enlargement and increase in the number of lesions.,47-012,,,,,,
vitiligo_P021,vitiligo,symptom,1,sun sensitivity with sunburn in affected areas,"Sun Sensitivity: Affected areas may be more sensitive to sunlight, leading to sunburn.",47-014,,,,,,
vitiligo_P022,vitiligo,history,1,patchy autoimmune hair loss,"Associated Autoimmune Diseases: Patients may have a history of other autoimmune conditions, such as thyroid disorders, alopecia areata, and pernicious anemia.",47-015,,,,,,
vitiligo_P023,vitiligo,history,1,pernicious anemia,"Associated Autoimmune Diseases: Patients may have a history of other autoimmune conditions, such as thyroid disorders, alopecia areata, and pernicious anemia.",47-015,,,,,,
vitiligo_P024,vitiligo,history,1,family history of depigmenting disorder,Family History: A family history of vitiligo increases the risk of developing the disease.,47-016,,,,,,
vitiligo_P025,vitiligo,history,1,chronic course,"Vitiligo is a chronic autoimmune disorder characterized by the loss of melanocytes, leading to depigmented skin patches.",47-018,,,,,,
vitiligo_P026,vitiligo,lab,1,thyroid dysfunction,Laboratory tests may show autoantibodies and thyroid dysfunction.,47-020,,,,,,
vitiligo_P027,vitiligo,history,1,associated autoimmune conditions,The disease often has a gradual onset and can be associated with other autoimmune conditions.,47-022,,,,,,
actinic_keratosis_P022,actinic keratosis,history,1,multiple severe sunburns early in life,"Risk Factors: Fair skin, blue or green eyes, blond or red hair, history of kidney or other solid organ transplant, long-term daily sun exposure, multiple severe sunburns early in life, and older age.",02-011,,delete,,,,trung y het dong truoc (finalize se bao DUPLICATE)
actinic_keratosis_P023,actinic keratosis,history,1,history of sun-damaged skin,"Clinical Features: Persistent roughness or scaliness in sun-exposed skin, especially in areas with a history of sun damage.",02-012,,delete,,,,trung y het dong truoc (finalize se bao DUPLICATE)
basal_cell_carcinoma_P026,basal cell carcinoma,history,1,older age,"Age: BCC is more common in older adults, but incidence is increasing in younger age groups, especially females.",04-022,,delete,,,,trung y het dong truoc (finalize se bao DUPLICATE)
basal_cell_carcinoma_P027,basal cell carcinoma,history,1,younger age,"Age: BCC is more common in older adults, but incidence is increasing in younger age groups, especially females.",04-022,,delete,,,,trung y het dong truoc (finalize se bao DUPLICATE)
basal_cell_carcinoma_P028,basal cell carcinoma,history,1,female sex,"Age: BCC is more common in older adults, but incidence is increasing in younger age groups, especially females.",04-022,,delete,,,,trung y het dong truoc (finalize se bao DUPLICATE)
basal_cell_carcinoma_P029,basal cell carcinoma,location,1,lesions on sun-exposed skin,Basal cell carcinoma (BCC) is a common skin cancer that primarily affects sun-exposed areas of the skin.,04-023,,delete,,,,trung y het dong truoc (finalize se bao DUPLICATE)
photodermatoses_P027,photodermatoses,history,1,light-dependent allergic reactions to chemicals or drugs,Photopatch Testing: Useful for identifying photoallergic reactions to specific chemicals or drugs.,27-010,,delete,,,,trung y het dong truoc (finalize se bao DUPLICATE)
porokeratosis_actinic_P001,porokeratosis actinic,morphology,1,multiple small atrophic patches with keratin rims,"Porokeratosis actinic, specifically disseminated superficial actinic porokeratosis (DSAP), is a genetic disorder of keratinization characterized by multiple, small, atrophic patches with distinctive keratin rims. || Lesions: Multiple, small, annular or linear lesions with a raised, hyperkeratotic border and a slightly atrophic center. || Disseminated superficial actinic porokeratosis (DSAP) is a genetic disorder of keratinization characterized by multiple, small, annular lesions with a raised, hyperkeratotic border.",31-001;31-006;31-019,,,,,,
porokeratosis_actinic_P002,porokeratosis actinic,location,1,lesions on sun-exposed areas,"It primarily affects sun-exposed areas of the skin, such as the extremities, shoulders, and back, with relative sparing of the face. || Distribution: Primarily on sun-exposed areas, such as the forearms, legs, shoulders, and back. The face is usually spared. || Epidemiology: DSAP is more common in the fifth decade of life and affects both males and females equally. It is more prevalent in sun-exposed areas, indicating the importance of UV light in its pathogenesis. || Key diagnostic features include the presence of a cornoid lamella on histopathology, a characteristic clinical presentation with lesions on sun-exposed areas, and a family history of similar lesions.",31-002;31-007;31-018;31-020,,,,,,
porokeratosis_actinic_P003,porokeratosis actinic,location,-1,lesions on the face,"It primarily affects sun-exposed areas of the skin, such as the extremities, shoulders, and back, with relative sparing of the face. || Distribution: Primarily on sun-exposed areas, such as the forearms, legs, shoulders, and back. The face is usually spared.",31-002;31-007,INFO:NEGATIVE_POLARITY,,,,,
porokeratosis_actinic_P004,porokeratosis actinic,lab,1,autosomal dominant inheritance with incomplete penetrance,DSAP is an autosomal dominant condition with incomplete penetrance and is often exacerbated by ultraviolet (UV) light exposure.,31-003,,,,,,
porokeratosis_actinic_P005,porokeratosis actinic,history,1,ultraviolet light exposure,"DSAP is an autosomal dominant condition with incomplete penetrance and is often exacerbated by ultraviolet (UV) light exposure. || Sun Exposure: UV light is a significant risk factor for the development and exacerbation of DSAP. || UV light exposure is a significant risk factor, and there is a low but increased risk of malignant transformation.",31-003;31-013;31-021,,,,,,
porokeratosis_actinic_P006,porokeratosis actinic,lab,1,cornoid lamella of parakeratotic cells,"Histopathology: The presence of a cornoid lamella, a column of parakeratotic cells, is a key diagnostic feature. This can be confirmed through a skin biopsy. || Key diagnostic features include the presence of a cornoid lamella on histopathology, a characteristic clinical presentation with lesions on sun-exposed areas, and a family history of similar lesions.",31-004;31-020,,,,,,
porokeratosis_actinic_P007,porokeratosis actinic,lab,1,MVK mutations on chromosome 12q24,"Genetic Testing: Mutations in the mevalonate kinase gene (MVK) on chromosome 12q24 have been identified in some patients with DSAP, which can be useful for genetic confirmation.",31-005,,,,,,
porokeratosis_actinic_P008,porokeratosis actinic,morphology,1,annular or linear lesion shape,"Lesions: Multiple, small, annular or linear lesions with a raised, hyperkeratotic border and a slightly atrophic center. || Disseminated superficial actinic porokeratosis (DSAP) is a genetic disorder of keratinization characterized by multiple, small, annular lesions with a raised, hyperkeratotic border.",31-006;31-019,,,,,,
porokeratosis_actinic_P009,porokeratosis actinic,morphology,1,slightly atrophic lesion centers,"Lesions: Multiple, small, annular or linear lesions with a raised, hyperkeratotic border and a slightly atrophic center.",31-006,,,,,,
porokeratosis_actinic_P010,porokeratosis actinic,symptom,-1,pruritus,Symptoms: Lesions can be asymptomatic or slightly pruritic.,31-008,INFO:NEGATIVE_POLARITY,delete,,,,nguon: asymptomatic or slightly pruritic; mau thuan P011
porokeratosis_actinic_P011,porokeratosis actinic,symptom,1,slight pruritus,Symptoms: Lesions can be asymptomatic or slightly pruritic.,31-008,,,,,,
porokeratosis_actinic_P012,porokeratosis actinic,lab,1,white border circumscribing the lesion on dermoscopy,White border circumscribing the lesion.,31-009,,,,,,
porokeratosis_actinic_P013,porokeratosis actinic,lab,1,homogeneous central white scar-like area on dermoscopy,Homogeneous central white scar-like area.,31-010,,,,,,
porokeratosis_actinic_P014,porokeratosis actinic,lab,1,brownish globules or dots on dermoscopy,Brownish globules or dots.,31-011,,,,,,
porokeratosis_actinic_P015,porokeratosis actinic,lab,1,pinpoint vessels crossing the lesion on dermoscopy,Vascular structures: Pinpoint vessels or irregular linear vessels crossing the lesion.,31-012,,,,,,
porokeratosis_actinic_P016,porokeratosis actinic,lab,1,irregular linear vessels crossing the lesion on dermoscopy,Vascular structures: Pinpoint vessels or irregular linear vessels crossing the lesion.,31-012,,,,,,
porokeratosis_actinic_P017,porokeratosis actinic,history,1,family history of similar lesions,"Family History: DSAP often has a familial predisposition, and a family history of similar lesions can be a useful diagnostic clue. || Key diagnostic features include the presence of a cornoid lamella on histopathology, a characteristic clinical presentation with lesions on sun-exposed areas, and a family history of similar lesions.",31-014;31-020,,,,,,
porokeratosis_actinic_P018,porokeratosis actinic,history,1,onset in the third or fourth decade,Age of Onset: Lesions typically begin to appear in the third or fourth decade and increase in number and visibility in the 40s or 50s.,31-015,,,,,,
porokeratosis_actinic_P019,porokeratosis actinic,history,1,increasing lesion number and visibility in the fourth or fifth decade,Age of Onset: Lesions typically begin to appear in the third or fourth decade and increase in number and visibility in the 40s or 50s.,31-015,,,,,,
porokeratosis_actinic_P020,porokeratosis actinic,history,1,immunosuppression,"Immunosuppression: DSAP can be exacerbated in immunocompromised individuals, such as those with cystic fibrosis or post-transplant patients.",31-017,,,,,,
porokeratosis_actinic_P021,porokeratosis actinic,history,1,presentation in the fifth decade,"Epidemiology: DSAP is more common in the fifth decade of life and affects both males and females equally. It is more prevalent in sun-exposed areas, indicating the importance of UV light in its pathogenesis.",31-018,,,,,,
porokeratosis_actinic_P022,porokeratosis actinic,history,1,male or female sex,"Epidemiology: DSAP is more common in the fifth decade of life and affects both males and females equally. It is more prevalent in sun-exposed areas, indicating the importance of UV light in its pathogenesis.",31-018,,,,,,
porphyria_P037,porphyria,history,1,childhood onset,"Symptoms: Severe photosensitivity, often presenting in childhood.",32-022,,delete,,,,trung y het dong truoc (finalize se bao DUPLICATE)
scleroderma_P036,scleroderma,lab,1,elevated inflammatory markers,"Key diagnostic features include the presence of specific autoantibodies, elevated inflammatory markers, and radiological findings such as skin thickening, Raynaud's phenomenon, and internal organ involvement.",37-037,,delete,,,,trung y het dong truoc (finalize se bao DUPLICATE)
seborrheic_dermatitis_P036,seborrheic dermatitis,lab,1,CD4 count of 450–550 cells/µL at onset,"HIV/AIDS: The prevalence of seborrheic dermatitis is significantly higher in HIV-positive individuals, often beginning when CD4 counts drop to the 450-550 cells/µL range.",38-021,,delete,,,,trung y het dong truoc (finalize se bao DUPLICATE)
